,customer_id,probability_no_churn,probability_yes_churn,prediction
0,4531-AUZNK,0.8816392313985059,0.11836076860149451,no
1,2296-DKZFP,0.9547617391476283,0.04523826085237136,no
2,9692-TUSXH,0.596868407361067,0.4031315926389331,no
3,5129-JLPIS,0.6345216202536823,0.36547837974631764,no
4,1273-MTETI,0.22268310826497312,0.7773168917350267,yes
5,8757-TFHHJ,0.49132802111234514,0.5086719788876549,yes
6,1322-AGOQM,0.711250978083698,0.2887490219163015,no
7,0743-HRVFF,0.8988880542504958,0.10111194574950419,no
8,0943-ZQPXH,0.653529783590904,0.3464702164090959,no
9,3932-CMDTD,0.6962374556004798,0.30376254439951983,no
10,6892-BOGQE,0.9962440334117566,0.0037559665882433923,no
11,0224-HJAPT,0.5651311721292521,0.43486882787074793,no
12,2439-LYPMQ,0.47365127783672806,0.526348722163272,yes
13,7924-GJZFI,0.6583227220405061,0.34167727795949404,no
14,0823-HSCDJ,0.6676618183213651,0.332338181678635,no
15,4826-TZEVA,0.6514489114241322,0.3485510885758679,no
16,5151-HQRDG,0.7927677441068666,0.20723225589313338,no
17,6734-GMPVK,0.2961441109706599,0.70385588902934,yes
18,3951-NJCVI,0.48698688561682874,0.5130131143831711,yes
19,0733-VUNUW,0.7866551409128328,0.2133448590871672,no
20,3571-DPYUH,0.8576877133967702,0.14231228660322975,no
21,9824-QCJPK,0.9838291398616407,0.016170860138359385,no
22,7876-DNYAP,0.9913911837729842,0.008608816227015613,no
23,3890-RTCMS,0.7064153832451566,0.2935846167548434,no
24,7594-RQHXR,0.3051716624022978,0.694828337597702,yes
25,3229-USWAR,0.8918850158065943,0.10811498419340543,no
26,5995-LFTLE,0.9892189526450283,0.01078104735497172,no
27,1456-TWCGB,0.5597531091994027,0.4402468908005972,no
28,1552-TKMXS,0.9216323163022752,0.07836768369772493,no
29,3276-HDUEG,0.2646583718791716,0.7353416281208279,yes
30,0302-JOIVN,0.44106026351939825,0.5589397364806018,yes
31,2830-LEWOA,0.8327490829820714,0.1672509170179284,no
32,5649-TJHOV,0.6065976256266383,0.3934023743733619,no
33,5886-VLQVU,0.5728553702577495,0.42714462974225065,no
34,1395-WSWXR,0.9943963501244467,0.005603649875553421,no
35,6518-LGAOV,0.5104917011612804,0.48950829883871966,no
36,4514-GFCFI,0.4332134562200843,0.5667865437799156,yes
37,1635-FJFCC,0.6033232489059135,0.3966767510940865,no
38,7611-YKYTC,0.8010142924538975,0.19898570754610237,no
39,5829-NVSQN,0.9023730140679445,0.09762698593205547,no
40,0394-YONDK,0.9944721550121597,0.005527844987840661,no
41,0991-BRRFB,0.8139430689921886,0.18605693100781193,no
42,5980-BDHPY,0.9912747966284656,0.008725203371534438,no
43,8249-THVEC,0.975177138039807,0.024822861960193322,no
44,5039-LZRQT,0.9813825215392171,0.018617478460782818,no
45,9115-YQHGA,0.7727090559449836,0.2272909440550161,no
46,8174-LNWMW,0.9948172791581829,0.005182720841817239,no
47,5038-ETMLM,0.9688079218224769,0.031192078177522776,no
48,6815-ABQFQ,0.737367384918886,0.2626326150811139,no
49,8086-OVPWV,0.3443678185830729,0.6556321814169273,yes
50,5451-MHQOF,0.9817186551725224,0.018281344827477616,no
51,1991-VOPLL,0.8562771608291483,0.14372283917085135,no
52,6725-TPKJO,0.9956098670563408,0.004390132943659235,no
53,8879-ZKJOF,0.8724200274764514,0.12757997252354847,no
54,3597-YASZG,0.8924364544701473,0.10756354552985253,no
55,2969-WGHQO,0.9239704755024856,0.07602952449751428,no
56,8006-PYCSW,0.7550057942435828,0.24499420575641742,no
57,3347-YJZZE,0.618815689601589,0.3811843103984111,no
58,1696-MZVAU,0.8646076543639964,0.13539234563600322,no
59,5931-FLJJF,0.4550687650953021,0.5449312349046979,yes
60,3440-JPSCL,0.41076965416408434,0.5892303458359156,yes
61,7923-IYJWY,0.9225133478878432,0.0774866521121569,no
62,8718-PTMEZ,0.6112781989738746,0.38872180102612525,no
63,0067-DKWBL,0.5250048074491308,0.47499519255086925,no
64,6625-IUTTT,0.9736966359471454,0.0263033640528544,no
65,8637-XJIVR,0.6821338102115483,0.3178661897884514,no
66,2509-TFPJU,0.9928161365806711,0.0071838634193290415,no
67,0464-WJTKO,0.9929044397994856,0.0070955602005140835,no
68,8292-FRFZQ,0.9563484862089294,0.04365151379107049,no
69,6844-DZKRF,0.45968509267722996,0.5403149073227701,yes
70,3249-ZPQRG,0.29561002666479014,0.7043899733352097,yes
71,7580-UGXNC,0.5320005204613604,0.4679994795386396,no
72,3050-RLLXC,0.9635749621748808,0.03642503782511922,no
73,0581-BXBUB,0.3511261743628162,0.6488738256371834,yes
74,8552-OBVRU,0.6884808859754317,0.3115191140245683,no
75,2388-LAESQ,0.9829826466776147,0.017017353322385343,no
76,4488-PSYCG,0.9029349032186582,0.09706509678134177,no
77,9436-ZBZCT,0.39468026990153954,0.6053197300984602,yes
78,2074-GKOWZ,0.34266975847546427,0.6573302415245358,yes
79,9753-OYLBX,0.6240173811197021,0.37598261888029794,no
80,3055-MJDSB,0.5335894282480724,0.4664105717519277,no
81,5781-RFZRP,0.9880841337519309,0.011915866248069194,no
82,9761-XUJWD,0.6509923691051845,0.34900763089481535,no
83,0118-JPNOY,0.7587850538498894,0.24121494615011055,no
84,8874-EJNSR,0.9951302250514691,0.004869774948531084,no
85,2867-UIMSS,0.29629880616681126,0.7037011938331887,yes
86,9975-GPKZU,0.9805824791519074,0.019417520848092413,no
87,6100-QQHEB,0.5497621717645769,0.45023782823542297,no
88,2896-TBNBE,0.8468775565033811,0.15312244349661847,no
89,7359-WWYJV,0.9621412551558102,0.03785874484418944,no
90,6646-JPPHA,0.6274265775639735,0.3725734224360266,no
91,5550-VFRLC,0.24392501917646203,0.7560749808235377,yes
92,2202-CUYXZ,0.29983053312499824,0.7001694668750018,yes
93,8035-PWSEV,0.40357498865562436,0.5964250113443756,yes
94,3703-KBKZP,0.4424214637495061,0.5575785362504939,yes
95,5599-HVLTW,0.3608472458168008,0.639152754183199,yes
96,5382-TEMLV,0.8399467437220289,0.1600532562779716,no
97,6339-TBELP,0.9435736636360873,0.05642633636391267,no
98,7207-RMRDB,0.6170047707030887,0.3829952292969114,no
99,2469-DTSGX,0.8581888516352337,0.14181114836476616,no
100,3704-IEAXF,0.8721327175611054,0.12786728243889456,no
101,6368-TZZDT,0.9863553741600657,0.01364462583993425,no
102,7129-AZJDE,0.8242926731047919,0.17570732689520785,no
103,6407-GSJNL,0.9823699738094831,0.017630026190516908,no
104,9150-HEPMB,0.8971457397420671,0.10285426025793251,no
105,1506-YJTYT,0.95658001551767,0.04341998448232986,no
106,7134-HBPBS,0.8741417196006016,0.12585828039939817,no
107,3635-QQRQD,0.9955713869155364,0.004428613084463615,no
108,6549-NNDYT,0.6972300996846285,0.30276990031537143,no
109,9796-BPKIW,0.4730025309920531,0.5269974690079469,yes
110,8069-YQQAJ,0.6169340778868433,0.38306592211315654,no
111,8242-SOQUO,0.3683591658371734,0.6316408341628265,yes
112,3308-DGHKL,0.9962529542592933,0.0037470457407068045,no
113,8740-CRYFY,0.2974357195678756,0.7025642804321244,yes
114,8109-YUOHE,0.9130547847198778,0.0869452152801218,no
115,3976-NLDEZ,0.6158718939171873,0.3841281060828126,no
116,6248-BSHKG,0.9819741290499236,0.01802587095007628,no
117,3970-XGJDU,0.9956678582680347,0.004332141731965261,no
118,0634-SZPQA,0.7414437141680917,0.2585562858319084,no
119,2589-AYCRP,0.9717688408035248,0.028231159196475245,no
120,3800-LYTRK,0.9048314466377669,0.09516855336223264,no
121,6563-VRERX,0.9840361766133802,0.015963823386619877,no
122,9938-ZREHM,0.8755113713606346,0.12448862863936501,no
123,2220-IAHLS,0.6612699509814968,0.33873004901850307,no
124,8979-CAMGB,0.803299607295791,0.19670039270420894,no
125,0270-THENM,0.9852102311381783,0.014789768861821923,no
126,9611-CTWIH,0.39727645129681505,0.6027235487031849,yes
127,8885-QSQBX,0.49132802111234514,0.5086719788876549,yes
128,9030-QGZNL,0.9925898638151825,0.007410136184817379,no
129,2810-FTLEM,0.7924520583739246,0.20754794162607562,no
130,6350-XFYGW,0.33333730786674964,0.6666626921332502,yes
131,6993-YGFJV,0.9347916334944473,0.06520836650555237,no
132,4097-YODCF,0.8203242682676748,0.17967573173232523,no
133,0376-OIWME,0.7578689384391102,0.2421310615608903,no
134,5022-JNQEQ,0.5163494163612479,0.4836505836387521,no
135,5515-AKOAJ,0.5715130667423012,0.4284869332576988,no
136,6956-SMUCM,0.4932154623744011,0.5067845376255989,yes
137,5103-MHMHY,0.4598429845964855,0.5401570154035144,yes
138,9391-DXGGG,0.8601913361126685,0.1398086638873309,no
139,7519-JTWQH,0.8566891094597017,0.1433108905402978,no
140,6131-FOYAS,0.7840938986627944,0.21590610133720559,no
141,9681-OXGVC,0.2727935386382787,0.7272064613617212,yes
142,1977-STDKI,0.2392926285833758,0.7607073714166239,yes
143,7302-ZHMHP,0.7143664684354348,0.28563353156456506,no
144,0661-XEYAN,0.30941776914679975,0.6905822308532001,yes
145,6007-TCTST,0.9649483650055347,0.03505163499446496,no
146,1682-VCOIO,0.9830846648466818,0.01691533515331842,no
147,2454-RPBRZ,0.30564777708124946,0.6943522229187498,yes
148,8710-YGLWG,0.46478580110103074,0.5352141988989693,yes
149,0742-LAFQK,0.9774813360919107,0.022518663908089306,no
150,7064-JHXCE,0.9912437777354032,0.008756222264596568,no
151,8242-JSVBO,0.6398297873367196,0.3601702126632803,no
152,1471-GIQKQ,0.4406948123787838,0.5593051876212162,yes
153,6778-EICRF,0.9262408801532612,0.07375911984673895,no
154,1360-XFJMR,0.7780661835302987,0.22193381646970117,no
155,5702-KVQRD,0.9842543322737646,0.01574566772623544,no
156,7602-MVRMB,0.9653787543303389,0.03462124566966078,no
157,0236-HFWSV,0.4051543420582378,0.594845657941762,yes
158,0880-FVFWF,0.833845478907576,0.16615452109242387,no
159,9052-DHNKM,0.910455583328669,0.08954441667133095,no
160,6121-TNHBO,0.8973668424354939,0.10263315756450585,no
161,4693-VWVBO,0.7693120310439973,0.23068796895600294,no
162,1565-RHDJD,0.3312632703346248,0.6687367296653752,yes
163,0696-UKTOX,0.7787585291074877,0.22124147089251248,no
164,8267-KFGYD,0.6670148531593635,0.33298514684063635,no
165,2632-TACXW,0.9888487185473853,0.011151281452614736,no
166,1744-JHKYS,0.9247810434393182,0.07521895656068162,no
167,0578-SKVMF,0.6117111887154466,0.38828881128455345,no
168,0670-KDOMA,0.5825920425073816,0.4174079574926182,no
169,8065-BVEPF,0.6339531414073151,0.3660468585926849,no
170,3301-VKTGC,0.9300649368140715,0.06993506318592856,no
171,7660-HDPJV,0.3802172901435463,0.6197827098564537,yes
172,2843-CQMEG,0.779656722416708,0.22034327758329172,no
173,6870-ZWMNX,0.9468015215861992,0.05319847841380071,no
174,1403-LKLIK,0.9705571130801054,0.02944288691989442,no
175,2446-BEGGB,0.26296819415021466,0.7370318058497848,yes
176,6164-HAQTX,0.9803606812976795,0.01963931870232053,no
177,3387-VATUS,0.2732298329052066,0.7267701670947934,yes
178,3407-JMJQQ,0.9354520367171999,0.06454796328279988,no
179,3580-HYCSP,0.9653787543303389,0.03462124566966078,no
180,5453-AXEPF,0.544951340547353,0.45504865945264716,no
181,4132-KALRO,0.2626703490178754,0.7373296509821244,yes
182,6506-EYCNH,0.9135531927591178,0.08644680724088216,no
183,6400-BWQKW,0.6572081826432925,0.3427918173567073,no
184,6916-HIJSE,0.9669362621554847,0.03306373784451502,no
185,5186-PEIZU,0.912125166840884,0.0878748331591161,no
186,6048-NJXHX,0.9904193882989076,0.009580611701092362,no
187,6134-KWTBV,0.9888487185473853,0.011151281452614736,no
188,6289-CPNLD,0.8256367716584729,0.17436322834152684,no
189,5312-UXESG,0.5231289338682164,0.47687106613178365,no
190,2514-GINMM,0.29629880616681126,0.7037011938331887,yes
191,2580-ASVVY,0.9870880366489528,0.012911963351047249,no
192,6416-JNVRK,0.8960113764039745,0.10398862359602497,no
193,3739-YBWAB,0.9570866842055543,0.04291331579444552,no
194,6917-YACBP,0.8075656083590637,0.19243439164093584,no
195,8614-VGMMV,0.6687483823706032,0.33125161762939653,no
196,5181-OABFK,0.9529038839602119,0.04709611603978787,no
197,2977-CEBSX,0.9690977481665753,0.03090225183342462,no
198,1624-NALOJ,0.2456124043754072,0.7543875956245926,yes
199,5495-GPSRW,0.9947936976764582,0.005206302323541811,no
200,6303-KFWSL,0.8874453392715752,0.11255466072842452,no
201,5624-BQSSA,0.5898803505074853,0.4101196494925146,no
202,6681-ZSEXG,0.9473833567055664,0.05261664329443369,no
203,9185-TQCVP,0.4091183284053875,0.5908816715946122,yes
204,8272-ONJLV,0.6864088013001753,0.3135911986998244,no
205,3398-ZOUAA,0.6977957229165709,0.3022042770834294,no
206,9140-CZQZZ,0.9783400291546268,0.02165997084537314,no
207,6418-PIQSP,0.9722777392158954,0.027722260784104315,no
208,9637-EIHEQ,0.4347595234409175,0.5652404765590825,yes
209,9953-ZMKSM,0.9899801219617629,0.010019878038237262,no
210,9830-ECLEN,0.94088265649446,0.05911734350553963,no
211,9058-CBREO,0.431803519895598,0.5681964801044018,yes
212,5321-NTRKC,0.9478780684806074,0.05212193151939278,no
213,4654-DLAMQ,0.9088145225387555,0.0911854774612444,no
214,4673-KKSLS,0.7911551861028481,0.20884481389715237,no
215,1031-IIDEO,0.31000937507516074,0.6899906249248393,yes
216,3512-IZIKN,0.9810630835286389,0.01893691647136123,no
217,4439-JMPMT,0.42585769232822246,0.5741423076717775,yes
218,0027-KWYKW,0.5883019237924243,0.4116980762075756,no
219,4291-YZODP,0.9738942607697127,0.02610573923028701,no
220,0212-ISBBF,0.7328756683692217,0.267124331630778,no
221,3014-WJKSM,0.6401208385249231,0.359879161475077,no
222,0411-EZJZE,0.5028543151015369,0.4971456848984632,no
223,6698-OXETB,0.9914648638151826,0.008535136184817379,no
224,0193-ESZXP,0.7286807005957353,0.27131929940426447,no
225,6202-JVYEU,0.9841630951322906,0.015836904867709223,no
226,1848-LBZHY,0.7201336857171471,0.27986631428285275,no
227,8161-QYMTT,0.2948990286736094,0.7051009713263906,yes
228,0454-OKRCT,0.9462257942757135,0.053774205724286386,no
229,1215-EXRMO,0.9943982126419967,0.005601787358003314,no
230,0931-MHTEM,0.8330878175169393,0.1669121824830605,no
231,5985-BEHZK,0.8500547197140281,0.14994528028597176,no
232,9921-EZKBY,0.5894415942070207,0.4105584057929794,no
233,4878-BUNFV,0.9946034296340599,0.005396570365940045,no
234,4811-JBUVU,0.5728553702577495,0.42714462974225065,no
235,5673-FSSMF,0.42502167143192443,0.5749783285680753,yes
236,4301-VVZKA,0.5014501545750284,0.4985498454249717,no
237,4828-FAZPK,0.5671924843625138,0.43280751563748604,no
238,6000-UKLWI,0.995315494136661,0.004684505863339102,no
239,7395-XWZOY,0.7919006593537623,0.20809934064623797,no
240,6380-ARCEH,0.5783063282216674,0.4216936717783325,no
241,3729-OWRVL,0.9241474351424535,0.0758525648575465,no
242,2856-HYAPG,0.42155524907332054,0.5784447509266794,yes
243,7856-GANIL,0.846749618614266,0.15325038138573358,no
244,4459-BBGHE,0.8112569777830123,0.1887430222169877,no
245,9661-JALZV,0.9700282122547539,0.029971787745246274,no
246,7753-USQYQ,0.8833977604972418,0.11660223950275801,no
247,1015-JPFYW,0.9721618881715508,0.027838111828449082,no
248,7665-NKLAV,0.9858021743731991,0.014197825626800808,no
249,9053-EJUNL,0.5713733129964461,0.42862668700355394,no
250,5117-ZSMHQ,0.9817279140145285,0.01827208598547178,no
251,0117-LFRMW,0.8359635994919742,0.16403640050802581,no
252,9389-ACWBI,0.5064158315216606,0.49358416847833936,no
253,6946-LMSQS,0.8919031981688329,0.10809680183116681,no
254,1725-MIMXW,0.6990801596487741,0.30091984035122565,no
255,3996-ZNWYK,0.9870343167691602,0.012965683230839471,no
256,0899-WZRSD,0.7151292133908552,0.2848707866091445,no
257,8815-LMFLX,0.9445654834344392,0.05543451656556084,no
258,0699-NDKJM,0.8611429043609674,0.13885709563903284,no
259,2424-WVHPL,0.22927199262159786,0.7707280073784019,yes
260,6797-LNAQX,0.8751018701978928,0.12489812980210718,no
261,2043-WVTQJ,0.4868629411203369,0.5131370588796631,yes
262,4057-FKCZK,0.9337279536682669,0.06627204633173317,no
263,8512-WIWYV,0.9831983196159949,0.016801680384005212,no
264,5135-GRQJV,0.9768159800109479,0.02318401998905201,no
265,5597-GLBUC,0.30769285196557794,0.6923071480344221,yes
266,7997-EASSD,0.8806788908886637,0.11932110911133637,no
267,4785-FCIFB,0.9847456483719468,0.015254351628053336,no
268,1755-FZQEC,0.9802517117485963,0.01974828825140394,no
269,5364-XYIRR,0.5467198900091824,0.45328010999081764,no
270,7572-KPVKK,0.8441345528097959,0.15586544719020382,no
271,5115-SQAAU,0.9943332661232708,0.005666733876729549,no
272,6147-CBCRA,0.9155458778220299,0.08445412217797003,no
273,3692-JHONH,0.7485679402608589,0.25143205973914107,no
274,1088-CNNKB,0.9152129330550375,0.08478706694496255,no
275,3810-DVDQQ,0.9651566983388682,0.03484330166113163,no
276,7831-QGOXH,0.5466382839665109,0.45336171603348907,no
277,3474-BAFSJ,0.931950274387238,0.06804972561276179,no
278,3842-IYKUE,0.5749888976498976,0.4250111023501026,no
279,8519-QJGJD,0.48643256107254584,0.5135674389274542,yes
280,9747-DDZOS,0.30809610077507676,0.6919038992249231,yes
281,4106-HADHQ,0.9142349354454814,0.08576506455451867,no
282,0017-IUDMW,0.9651566983388682,0.03484330166113163,no
283,4763-PGDPO,0.44111220259968065,0.5588877974003194,yes
284,8751-EDEKA,0.6315362891827968,0.36846371081720336,no
285,3104-OWCGK,0.8812279061087942,0.11877209389120572,no
286,3148-BLQJT,0.6066135711956666,0.3933864288043334,no
287,2815-CPTUL,0.4066945792378974,0.5933054207621026,yes
288,5073-WXOYN,0.7396630574244333,0.2603369425755666,no
289,4760-THGOT,0.652577103802944,0.3474228961970561,no
290,2724-FJDYW,0.8739963949681426,0.1260036050318574,no
291,7639-OPLNG,0.9630882993470767,0.0369117006529232,no
292,3298-QEICA,0.9724688410398656,0.027531158960134142,no
293,9362-MWODR,0.8601264137042167,0.13987358629578336,no
294,7446-SFAOA,0.9834641954369338,0.01653580456306629,no
295,4737-AQCPU,0.98312728823463,0.016872711765370148,no
296,9522-ZSINC,0.9841630951322906,0.015836904867709223,no
297,3745-HRPHI,0.9729008804660612,0.027099119533938936,no
298,2669-QVCRG,0.7569485338788658,0.2430514661211342,no
299,0980-FEXWF,0.8666975508904282,0.13330244910957173,no
300,6701-YVNQG,0.9912747966284656,0.008725203371534438,no
301,1177-XZBJL,0.9279911721535369,0.07200882784646327,no
302,7771-CFQRQ,0.935719341404432,0.06428065859556781,no
303,2252-JHJGE,0.8325181183974627,0.1674818816025373,no
304,0661-KBKPA,0.8837099439713784,0.11629005602862186,no
305,8851-RAGOV,0.781901601044993,0.2180983989550074,no
306,6979-TNDEU,0.84295225843296,0.15704774156703977,no
307,2072-ZVJJX,0.9905383613605819,0.009461638639418155,no
308,1222-KJNZD,0.9412852608848639,0.058714739115136236,no
309,9372-TXXPS,0.9734491393763126,0.026550860623687184,no
310,5982-PSMKW,0.9346029366002145,0.06539706339978538,no
311,2495-KZNFB,0.7261940138556657,0.2738059861443343,no
312,0207-MDKNV,0.5269562128929911,0.4730437871070087,no
313,1346-PJWTK,0.6878865591943321,0.3121134408056681,no
314,3758-CKOQL,0.7508214806329273,0.24917851936707222,no
315,6959-GQEGV,0.7986794521386148,0.20132054786138565,no
316,2604-IJPDU,0.6126498618560681,0.3873501381439322,no
317,6174-NRBTZ,0.9553329518629967,0.04466704813700303,no
318,6323-AYBRX,0.9942487942144581,0.005751205785541827,no
319,0048-PIHNL,0.969762484540133,0.030237515459867147,no
320,7811-JIVPF,0.779656722416708,0.22034327758329172,no
321,7729-JTEEC,0.4889975055428043,0.5110024944571956,yes
322,5846-ABOBJ,0.9899204925431789,0.010079507456821133,no
323,9221-OTIVJ,0.32647717552213523,0.6735228244778643,yes
324,2889-FPWRM,0.7638908119351983,0.23610918806480158,no
325,7945-HLKEA,0.9165043226749593,0.08349567732504071,no
326,9367-TCUYN,0.854360596834374,0.1456394031656257,no
327,2277-BKJKN,0.9349895862058589,0.065010413794141,no
328,7633-MVPUY,0.9698999804092432,0.030100019590756602,no
329,4315-MURBD,0.5053473399538894,0.4946526600461105,no
330,0734-OXWBT,0.4046596405081114,0.5953403594918887,yes
331,8714-EUHJO,0.5984973398001314,0.4015026601998686,no
332,0818-OCPZO,0.5158779734795221,0.4841220265204778,no
333,0021-IKXGC,0.18041174781915215,0.8195882521808477,yes
334,8383-SGHJU,0.9058308683446744,0.09416913165532556,no
335,6347-DCUIK,0.42693518585942847,0.5730648141405714,yes
336,1976-CFOCS,0.4270849461866262,0.5729150538133738,yes
337,4854-CIDCF,0.33365370286599744,0.6663462971340023,yes
338,9127-QRZMH,0.8928785990566572,0.10712140094334252,no
339,1196-AMORA,0.3852252770340832,0.6147747229659167,yes
340,6713-OKOMC,0.6852718789222502,0.31472812107774983,no
341,9820-RMCQV,0.7410479169871387,0.2589520830128614,no
342,5902-WBLSE,0.9915342639091632,0.008465736090836555,no
343,7563-BIUPC,0.39848080268281877,0.6015191973171812,yes
344,7683-CBDKJ,0.8209218678382397,0.17907813216175988,no
345,6522-OIQSX,0.9570063379258881,0.042993662074111975,no
346,0388-EOPEX,0.5332716539017281,0.4667283460982717,no
347,7921-BEPCI,0.98122532541391,0.018774674586090088,no
348,8859-DZTGQ,0.994867091188258,0.005132908811742051,no
349,3683-QKIUE,0.6197541881836134,0.38024581181638645,no
350,2144-ESWKO,0.9565234536551114,0.043476546344888345,no
351,5057-RKGLH,0.9933234543963317,0.006676545603668104,no
352,2692-PFYTJ,0.6902933454927469,0.30970665450725293,no
353,3021-VLNRJ,0.916436227752767,0.0835637722472331,no
354,1045-LTCYT,0.8712968114766205,0.12870318852337928,no
355,7401-JIXNM,0.9586034812722793,0.04139651872772077,no
356,2657-VPXTA,0.49673360480535905,0.5032663951946409,yes
357,5022-KVDQT,0.5945555994210916,0.4054444005789085,no
358,2305-MRGLV,0.638688998054181,0.36131100194581905,no
359,3865-YIOTT,0.828046040252743,0.17195395974725713,no
360,9577-WJVCQ,0.8417096506272678,0.15829034937273195,no
361,3847-BAERP,0.8490502771835705,0.15094972281642952,no
362,4032-RMHCI,0.9631614587311471,0.036838541268852755,no
363,7658-UYUQS,0.5722855142546366,0.42771448574536364,no
364,9274-UARKJ,0.4980291919840218,0.5019708080159783,yes
365,0847-HGRML,0.9912437777354032,0.008756222264596568,no
366,6078-VESFR,0.48218049675160757,0.5178195032483924,yes
367,4223-WOZCM,0.446681811804675,0.553318188195325,yes
368,0942-KOWSM,0.9229957246819664,0.07700427531803337,no
369,7789-HKSBS,0.8136165829257886,0.1863834170742109,no
370,9432-RUVSL,0.9283157069905384,0.07168429300946128,no
371,3644-QXEHN,0.4716026167158479,0.5283973832841521,yes
372,4683-WYDOU,0.8021957782750888,0.1978042217249106,no
373,0925-VYDLG,0.2999601458992433,0.7000398541007565,yes
374,2960-NKRSO,0.6284237230090761,0.3715762769909241,no
375,2639-UGMAZ,0.9386378984238957,0.061362101576104264,no
376,2898-LSJGD,0.9263881827169095,0.07361181728309023,no
377,2884-GBPFB,0.6622431596204738,0.3377568403795266,no
378,4659-NZRUF,0.528316654194698,0.47168334580530213,no
379,0867-LDTTC,0.4073170685391244,0.5926829314608755,yes
380,7781-EWARA,0.8942628131004321,0.10573718689956804,no
381,4822-RVYBB,0.2895254389404114,0.7104745610595881,yes
382,9800-OUIGR,0.991297253671232,0.00870274632876769,no
383,3533-UVMOM,0.9667766172578816,0.03322338274211836,no
384,8457-XIGKN,0.9105055195354883,0.08949448046451156,no
385,2990-OGYTD,0.9419152787519319,0.05808472124806794,no
386,5203-XEHAX,0.8972972766656402,0.10270272333435963,no
387,8295-KMENE,0.9634437755320663,0.03655622446793377,no
388,8720-RQSBJ,0.4359981264751457,0.5640018735248543,yes
389,9799-CAYJJ,0.3245312447488313,0.6754687552511689,yes
390,3717-OFRTN,0.6519173603414589,0.348082639658541,no
391,2868-MZAGQ,0.29629880616681126,0.7037011938331887,yes
392,8606-OEGQZ,0.9941764297894242,0.005823570210575961,no
393,9065-ZCPQX,0.9904127539813378,0.009587246018662333,no
394,4587-NUKOX,0.6318108214149113,0.3681891785850885,no
395,8985-OOPOS,0.7235877725584312,0.27641222744156846,no
396,7636-OWBPG,0.5546460863453316,0.44535391365466837,no
397,5825-XJOCM,0.9288431243495541,0.07115687565044607,no
398,4183-WCSEP,0.638688998054181,0.36131100194581905,no
399,5275-PMFUT,0.9929590938263195,0.007040906173680656,no
400,1751-NCDLI,0.4697611210712242,0.5302388789287759,yes
401,6693-DJWTY,0.9333355161962477,0.06666448380375196,no
402,4002-BQWPQ,0.7477697831834308,0.25223021681656915,no
403,6954-OOYZZ,0.756392302930726,0.24360769706927385,no
404,9039-RBEEE,0.8376799744730357,0.16232002552696426,no
405,5170-PTRKA,0.9512948644599595,0.048705135540040294,no
406,7346-MEDWM,0.6483700936844502,0.35162990631554997,no
407,5233-GEEAX,0.5387397764015954,0.4612602235984046,no
408,3511-APPBJ,0.8420815575903859,0.15791844240961378,no
409,7143-BQIBA,0.7552899381479193,0.24471006185208075,no
410,2967-MXRAV,0.9136010389543994,0.08639896104560071,no
411,7473-ZBDSN,0.9834289752297721,0.016571024770227837,no
412,0265-EDXBD,0.5348823963051185,0.46511760369488164,no
413,1386-ZIKUV,0.8352106533432536,0.1647893466567461,no
414,0420-BWTPW,0.6618392350743174,0.3381607649256828,no
415,1009-IRMNA,0.8436238168312252,0.1563761831687746,no
416,3938-YFPXD,0.9907162859901678,0.00928371400983231,no
417,3727-OWVYD,0.8945305423890271,0.10546945761097272,no
418,5937-EORGB,0.42026625133734546,0.5797337486626543,yes
419,2791-SFVEW,0.8589874927647762,0.14101250723522368,no
420,0980-PVMRC,0.7961401566683561,0.20385984333164406,no
421,3648-GZPHF,0.9041885585883123,0.09581144141168772,no
422,9677-AVKED,0.8771300474251162,0.12286995257488385,no
423,1576-PFZIW,0.9487552588788458,0.05124474112115381,no
424,9462-MJUAW,0.4988572939204292,0.5011427060795708,yes
425,7511-YMXVQ,0.5583835106999111,0.44161648930008895,no
426,7128-GGCNO,0.6574119978643823,0.34258800213561763,no
427,7492-TAFJD,0.9775990807808133,0.02240091921918661,no
428,8901-UPRHR,0.8269115356556673,0.17308846434433214,no
429,5044-XDPYX,0.9869052775861662,0.01309472241383382,no
430,1010-DIAUQ,0.4091306973639821,0.5908693026360179,yes
431,2691-NZETQ,0.38344290592601205,0.6165570940739877,yes
432,7586-ZATGZ,0.5735068403885942,0.4264931596114058,no
433,1810-MVMAI,0.8176561407785208,0.1823438592214789,no
434,7296-PIXQY,0.5794400980960135,0.4205599019039863,no
435,9985-MWVIX,0.31322591821669254,0.6867740817833077,yes
436,7028-DVOIQ,0.4666006759916761,0.5333993240083239,yes
437,0420-TXVSG,0.9721737719555715,0.02782622804442844,no
438,6953-PBDIN,0.9487403940684043,0.051259605931595634,no
439,1090-ESELR,0.9644370814695385,0.03556291853046147,no
440,8903-XEBGX,0.4784908363787819,0.521509163621218,yes
441,9541-PWTWO,0.9179558641925541,0.08204413580744564,no
442,1099-BTKWT,0.9599219253566342,0.04007807464336586,no
443,8807-ARQET,0.7012414267216569,0.29875857327834277,no
444,0673-IGUQO,0.6274627592709625,0.37253724072903743,no
445,0709-TVGUR,0.33165245601026394,0.6683475439897357,yes
446,9269-CQOOL,0.50807026260942,0.4919297373905799,no
447,7798-JVXYM,0.5722101615530292,0.4277898384469709,no
448,7524-VRLPL,0.9849220750799899,0.015077924920010234,no
449,8752-IMQOS,0.9594596933553976,0.040540306644602314,no
450,0048-LUMLS,0.7722380980193623,0.2277619019806376,no
451,6410-LEFEN,0.6493192529696533,0.3506807470303465,no
452,5149-TGWDZ,0.7635798700030741,0.23642012999692563,no
453,5514-YQENT,0.879327122561886,0.12067287743811338,no
454,3063-QFSZL,0.4697226265423415,0.5302773734576585,yes
455,4458-KVRBJ,0.985885619311695,0.014114380688305055,no
456,6631-HMANX,0.9405196378512116,0.05948036214878836,no
457,3069-SSVSN,0.6983473981555726,0.30165260184442716,no
458,4366-CTOUZ,0.8926734163730323,0.10732658362696762,no
459,4685-ERGHK,0.8637958290207678,0.13620417097923232,no
460,5756-OZRIO,0.8937566274227029,0.10624337257729684,no
461,3845-JHAMY,0.7341540185219684,0.2658459814780314,no
462,5935-FCCNB,0.44494962900307483,0.555050370996925,yes
463,3468-DRVQJ,0.9426894934749568,0.05731050652504327,no
464,3583-KRKMD,0.6169481893128367,0.3830518106871633,no
465,2419-FSORS,0.8603485647788266,0.13965143522117301,no
466,1357-BIJKI,0.829562035486721,0.17043796451327872,no
467,4480-QQRHC,0.42780091280374927,0.5721990871962506,yes
468,1589-AGTLK,0.5431996450152756,0.45680035498472427,no
469,9631-XEYKE,0.4778516257282077,0.5221483742717923,yes
470,7503-ZGUZJ,0.2541686304550199,0.7458313695449796,yes
471,3452-FLHYD,0.9803767268327664,0.019623273167233658,no
472,5219-YIPTK,0.5148186337688441,0.48518136623115604,no
473,5951-AOFIH,0.7925832262726822,0.20741677372731782,no
474,3774-VBNXY,0.9907903666435119,0.009209633356487683,no
475,8348-JLBUG,0.9196563866996829,0.08034361330031686,no
476,0396-YCHWO,0.5485461863886613,0.4514538136113389,no
477,5419-JKZNQ,0.5250982578880589,0.47490174211194136,no
478,8808-ELEHO,0.3081626800862957,0.6918373199137038,yes
479,4950-HKQTE,0.958904104563078,0.041095895436922054,no
480,6933-FHBZC,0.8949342086470812,0.10506579135291856,no
481,3165-HDOEW,0.4621071355398817,0.5378928644601182,yes
482,9097-ZUBYC,0.688898605706841,0.3111013942931587,no
483,1482-OXZSY,0.5377908537989392,0.46220914620106085,no
484,8946-BFWSG,0.9952766829663989,0.004723317033601462,no
485,4256-ZWTZI,0.6098812151722337,0.39011878482776635,no
486,4393-OBCRR,0.9614456419734531,0.03855435802654674,no
487,0074-HDKDG,0.927458157716196,0.0725418422838037,no
488,0468-YRPXN,0.6103127022464078,0.38968729775359257,no
489,7010-ZMVBF,0.9326387316584226,0.06736126834157735,no
490,5835-BEQEU,0.29788632343547516,0.7021136765645246,yes
491,9755-JHNMN,0.9681011484654506,0.03189885153454914,no
492,8084-OIVBS,0.9841630951322906,0.015836904867709223,no
493,4039-HEUNW,0.47003291749602805,0.5299670825039721,yes
494,3446-QDSZF,0.6049786744601429,0.3950213255398572,no
495,9873-MNDKV,0.6908328166871356,0.3091671833128645,no
496,6341-JVQGF,0.9183223371017891,0.08167766289821081,no
497,8859-YSTWS,0.9695299585800066,0.03047004141999333,no
498,1777-JYQPJ,0.3727770960998177,0.6272229039001823,yes
499,2688-BHGOG,0.4183783807173677,0.5816216192826321,yes
500,7032-LMBHI,0.9052110394337219,0.09478896056627807,no
501,6005-OBZPH,0.49529587953961896,0.504704120460381,yes
502,8311-UEUAB,0.9497127250943815,0.050287274905618115,no
503,4959-JOSRX,0.48498575881883177,0.5150142411811682,yes
504,4927-WWOOZ,0.24937614268111172,0.7506238573188883,yes
505,5334-JLAXU,0.747595094832987,0.2524049051670129,no
506,6322-PJJDJ,0.8528741099831779,0.147125890016822,no
507,2682-KEVRP,0.9915135584257573,0.008486441574242696,no
508,6905-NIQIN,0.4347595234409175,0.5652404765590825,yes
509,6685-XSHHU,0.9911988155010011,0.008801184498998704,no
510,6993-YCOBK,0.8971082393014218,0.10289176069857758,no
511,3887-PBQAO,0.9740350982365186,0.025964901763481495,no
512,4697-LUPSU,0.8826942432617431,0.11730575673825673,no
513,9465-RWMXL,0.5940516368334395,0.4059483631665606,no
514,3981-QSVQI,0.8525972306776182,0.14740276932238175,no
515,4451-RWASJ,0.9789425503888391,0.02105744961116089,no
516,2256-YLYLP,0.9719620668268116,0.028037933173188513,no
517,9701-CDXHR,0.7794418145446582,0.22055818545534167,no
518,6664-FPDAC,0.681282410662486,0.3187175893375141,no
519,5351-QESIO,0.4985077876141956,0.5014922123858044,yes
520,3258-SANFR,0.5930942721416029,0.4069057278583971,no
521,2968-SSGAA,0.33105135003708197,0.6689486499629179,yes
522,1421-HCERK,0.47082963542660444,0.5291703645733956,yes
523,7534-BFESC,0.5141755200871543,0.4858244799128457,no
524,1357-MVDOZ,0.7281065979203244,0.2718934020796755,no
525,9548-LERKT,0.9900736472350964,0.00992635276490373,no
526,5244-IRFIH,0.47961029683817563,0.5203897031618243,yes
527,7982-VCELR,0.6296212749370973,0.370378725062903,no
528,5727-MYATE,0.983115600013851,0.01688439998614932,no
529,7401-RUBNK,0.7516756338738491,0.24832436612615166,no
530,3999-QGRJH,0.4929852897250085,0.5070147102749916,yes
531,1853-UDXBW,0.36490025360343586,0.6350997463965641,yes
532,7434-SHXLS,0.5923135055876991,0.40768649441230076,no
533,5934-RMPOV,0.5903169508765086,0.40968304912349124,no
534,1488-SYSFC,0.9476698762694791,0.052330123730520844,no
535,8065-YKXKD,0.3945459210806005,0.6054540789193993,yes
536,5442-PPTJY,0.9886210045234572,0.01137899547654248,no
537,4236-UJPWO,0.37103673328802633,0.6289632667119737,yes
538,5245-VDBUR,0.95612340620646,0.04387659379353982,no
539,9796-MVYXX,0.9312989123387618,0.06870108766123813,no
540,9507-HSMMZ,0.9950337790743548,0.004966220925645172,no
541,5566-SOEZD,0.9198909645527695,0.08010903544723043,no
542,1498-NHTLT,0.9604797015530389,0.039520298446960915,no
543,9214-EKVXR,0.4747881422740625,0.5252118577259375,yes
544,1895-QTKDO,0.4747881422740625,0.5252118577259375,yes
545,6519-CFDBX,0.46509128627053997,0.53490871372946,yes
546,0354-WYROK,0.6061305499394988,0.3938694500605011,no
547,1837-YQUCE,0.9914460655098041,0.008553934490195923,no
548,4750-UKWJK,0.9895651159979117,0.010434884002088267,no
549,7766-CLTIC,0.7128216981098522,0.28717830189014765,no
550,9675-ICXCT,0.983414561334077,0.01658543866592298,no
551,2996-XAUVF,0.8672326732287494,0.13276732677125017,no
552,0906-QVPMS,0.9683079218224769,0.03169207817752277,no
553,7521-YXVZY,0.7888311413244052,0.2111688586755945,no
554,7134-MJPDY,0.7953277420904482,0.20467225790955174,no
555,6075-QMNRR,0.8298730864716185,0.170126913528382,no
556,0308-GIQJT,0.8484903257746342,0.15150967422536568,no
557,4290-BSXUX,0.2953374819997642,0.7046625180002357,yes
558,4851-BQDNX,0.7850280794570401,0.2149719205429596,no
559,7148-XZPHA,0.7089162424166592,0.29108375758334093,no
560,8042-JVNFH,0.31000937507516074,0.6899906249248393,yes
561,8237-ULIXL,0.972644434810447,0.027355565189552986,no
562,9092-GDZKO,0.9163337317450845,0.08366626825491533,no
563,6734-CKRSM,0.7560486512280035,0.24395134877199673,no
564,5919-VCZYM,0.7613886142591738,0.23861138574082635,no
565,4026-SKKHW,0.5362568823765271,0.4637431176234729,no
566,3398-FSHON,0.3308262659558166,0.669173734044183,yes
567,7459-IMVYU,0.7819807524184178,0.21801924758158234,no
568,5921-NGYRH,0.8221282963144965,0.17787170368550403,no
569,8679-LZBMD,0.8495394219977815,0.15046057800221824,no
570,9229-RQABD,0.943894026117557,0.056105973882443066,no
571,9514-JDSKI,0.2905799851160303,0.7094200148839694,yes
572,7838-LAZFO,0.8856462684234964,0.11435373157650357,no
573,6715-OFDBP,0.4458626005010062,0.5541373994989939,yes
574,7895-VONWT,0.7109097551635069,0.28909024483649287,no
575,6328-ZPBGN,0.31952291757374157,0.6804770824262579,yes
576,4631-OACRM,0.45720954982031453,0.5427904501796855,yes
577,8573-JGCZW,0.9845139060291578,0.015486093970842265,no
578,5402-HTOTQ,0.6854669676163988,0.31453303238360114,no
579,4962-CHQPW,0.9778974346933476,0.022102565306652604,no
580,0851-DFJKB,0.7511289144873997,0.24887108551260045,no
581,5478-JJVZK,0.7906367727312282,0.2093632272687719,no
582,7470-DYNOE,0.8769057082650166,0.12309429173498307,no
583,4139-JPIAM,0.8570769473865828,0.1429230526134171,no
584,9396-ZSFLL,0.6687483823706032,0.33125161762939653,no
585,8630-QSGXK,0.926034490992111,0.07396550900788865,no
586,2400-XIWIO,0.9876641251170075,0.012335874882992585,no
587,9650-VBUOG,0.9951302250514691,0.004869774948531084,no
588,3810-PJUHR,0.9943332661232708,0.005666733876729549,no
589,5956-YHHRX,0.43613876304096044,0.5638612369590394,yes
590,8622-ZLFKO,0.3005234885911953,0.6994765114088046,yes
591,9531-NSBMR,0.9848435181339609,0.015156481866039306,no
592,9903-LYSAB,0.632334637180668,0.36766536281933193,no
593,2812-SFXMJ,0.6898030954523846,0.31019690454761534,no
594,8778-LMWTJ,0.6421945919878367,0.3578054080121632,no
595,2673-CXQEU,0.7583035855170815,0.2416964144829182,no
596,6036-TTFYU,0.8937562655527188,0.10624373444728125,no
597,2096-XOTMO,0.8483190510111508,0.15168094898884912,no
598,7905-NJMXS,0.6856807895352657,0.31431921046473393,no
599,6141-OOXUQ,0.6615619531238592,0.33843804687614065,no
600,1093-YSWCA,0.995749165355511,0.004250834644488835,no
601,4732-RRJZC,0.9077594560834154,0.09224054391658433,no
602,4942-VZZOM,0.9198353416774487,0.08016465832255125,no
603,0750-EBAIU,0.8762182829140869,0.12378171708591318,no
604,4902-OHLSK,0.45474360497231364,0.5452563950276863,yes
605,6885-PKOAM,0.9889461763990589,0.011053823600941301,no
606,7941-RCJOW,0.9954940614765908,0.004505938523409111,no
607,9158-VCTQB,0.5825191320745642,0.4174808679254358,no
608,9866-QEVEE,0.5479800898167091,0.45201991018329113,no
609,3946-JEWRQ,0.8453931297063545,0.15460687029364514,no
610,4628-CTTLA,0.7203877329277699,0.2796122670722295,no
611,4912-PIGUY,0.2541686304550199,0.7458313695449796,yes
612,8465-SBRXP,0.7798081959876538,0.22019180401234575,no
613,3913-FCUUW,0.9841617709932509,0.015838229006749457,no
614,9170-ARBTB,0.9827325097537901,0.01726749024621009,no
615,1400-MMYXY,0.20589739357676798,0.7941026064232318,yes
616,4727-MCYZG,0.47416300077816026,0.5258369992218398,yes
617,0376-YMCJC,0.5667824626779837,0.4332175373220164,no
618,9057-SIHCH,0.26961433164124887,0.7303856683587512,yes
619,2038-LLMLM,0.513696893611073,0.48630310638892704,no
620,1930-QPBVZ,0.9532216988466842,0.0467783011533154,no
621,6048-UWKAL,0.8986892884255248,0.10131071157447522,no
622,1184-PJVDB,0.45566310694586176,0.5443368930541381,yes
623,6650-BWFRT,0.9551176408071957,0.04488235919280378,no
624,7721-DVEKZ,0.6615619531238592,0.33843804687614065,no
625,8191-XWSZG,0.9679811080219143,0.03201889197808577,no
626,5619-PTMIK,0.8098186042486725,0.19018139575132725,no
627,8158-WPEZG,0.6191698029838997,0.3808301970161002,no
628,9974-JFBHQ,0.6593260102798336,0.34067398972016627,no
629,0870-VEMYL,0.6927728852852942,0.3072271147147055,no
630,7399-QHBJS,0.9856881206062019,0.014311879393798426,no
631,3654-ARMGP,0.9357045807813688,0.0642954192186313,no
632,1468-DEFNC,0.9969109872566081,0.0030890127433921073,no
633,6818-WOBHJ,0.5729669904958695,0.42703300950413076,no
634,5546-QUERU,0.9841630951322906,0.015836904867709223,no
635,7717-BICXI,0.9911988155010011,0.008801184498998704,no
636,4836-WNFNO,0.9882808328039878,0.011719167196012133,no
637,5820-PTRYM,0.8455619424480473,0.15443805755195253,no
638,1963-SVUCV,0.4461010059720938,0.5538989940279062,yes
639,4817-VYYWS,0.5246109911295196,0.47538900887048036,no
640,4939-KYYPY,0.7598623835774267,0.240137616422573,no
641,9135-MGVPY,0.9803074688057043,0.019692531194295714,no
642,2282-YGNOR,0.9048468163632684,0.09515318363673125,no
643,8292-TYSPY,0.7774565212003381,0.22254347879966158,no
644,7548-SEPYI,0.4091306973639821,0.5908693026360179,yes
645,8992-JQYUN,0.38606302849553087,0.613936971504469,yes
646,6270-OMFIW,0.8390978217046557,0.16090217829534414,no
647,6427-FEFIG,0.9584469194997726,0.04155308050022735,no
648,8938-UMKPI,0.5139085200271084,0.48609147997289154,no
649,0617-AQNWT,0.9868150761016828,0.013184923898317269,no
650,0191-ZHSKZ,0.7650664300689202,0.23493356993107972,no
651,6513-EECDB,0.1820502759576803,0.8179497240423196,yes
652,9734-YWGEX,0.33434353846880527,0.6656564615311944,yes
653,3269-ATYWD,0.48324018218839426,0.5167598178116056,yes
654,8089-UZWLX,0.8809613820175946,0.11903861798240509,no
655,1494-EJZDW,0.9928259113987886,0.0071740886012111,no
656,4706-DGAHW,0.4212426338650307,0.5787573661349693,yes
657,5669-SRAIP,0.5014580483278432,0.49854195167215687,no
658,1902-XBTFB,0.6061558951455894,0.3938441048544105,no
659,7321-PKUYW,0.3790536138197828,0.6209463861802169,yes
660,1394-SUIUH,0.7761403770001345,0.2238596229998654,no
661,0531-ZZJWQ,0.6227615214860281,0.37723847851397196,no
662,7067-KSAZT,0.7932813415124546,0.20671865848754553,no
663,5172-RKOCB,0.9661465601955979,0.033853439804401635,no
664,9847-HNVGP,0.9839399615649758,0.01606003843502426,no
665,2180-DXNEG,0.4669819860074415,0.5330180139925583,yes
666,5133-POWUA,0.4379967785082692,0.5620032214917308,yes
667,5995-SNNEW,0.43613876304096044,0.5638612369590394,yes
668,7225-IILWY,0.9921110439010485,0.007888956098951771,no
669,6817-WTYHE,0.4837760813994769,0.5162239186005231,yes
670,0239-OXEXL,0.7664078827524594,0.23359211724754064,no
671,4395-PZMSN,0.3683591658371734,0.6316408341628265,yes
672,7845-URHJN,0.8529542570352545,0.1470457429647454,no
673,4724-WXVWF,0.6314076960114882,0.3685923039885119,no
674,3026-ATZYV,0.9164258181361808,0.08357418186381907,no
675,6581-NQCBA,0.6719250104110462,0.3280749895889536,no
676,5515-RUGKN,0.6796830083094707,0.3203169916905293,no
677,5628-RKIFK,0.5285089167389957,0.4714910832610043,no
678,2812-ENYMO,0.9562665660753404,0.043733433924659317,no
679,9027-YFHQJ,0.836281374415689,0.16371862558431083,no
680,9225-BZLNZ,0.9907162859901678,0.00928371400983231,no
681,3166-PNEOF,0.9791118870598524,0.02088811294014762,no
682,8096-LOIST,0.7867589626047419,0.2132410373952577,no
683,5606-AMZBO,0.6722740288166789,0.32772597118332103,no
684,1442-OKRJE,0.8821471584660732,0.1178528415339266,no
685,6689-TCZHQ,0.3684497941774206,0.6315502058225794,yes
686,7167-PCEYD,0.9955149541641503,0.004485045835849757,no
687,3780-DDGSE,0.6116869959576438,0.38831300404235614,no
688,2664-XJZNO,0.9642942243266814,0.03570577567331862,no
689,8766-PAFNE,0.9555147417014189,0.04448525829858118,no
690,5813-UECBU,0.5246928935380915,0.4753071064619086,no
691,7252-NTGSS,0.4461010059720938,0.5538989940279062,yes
692,6015-VVHHE,0.24934388247389297,0.7506561175261068,yes
693,7103-ZGVNT,0.9225519093981741,0.07744809060182585,no
694,1676-MQAOA,0.9848708608696098,0.01512913913039011,no
695,9411-TPQQV,0.9535323533420403,0.04646764665795948,no
696,4529-CKBCL,0.3443678185830729,0.6556321814169273,yes
697,1697-BCSHV,0.7889496007823597,0.21105039921764038,no
698,4662-EKDPQ,0.45674626627250237,0.5432537337274976,yes
699,1855-CFULU,0.7567365604498835,0.2432634395501166,no
700,3914-FDRHP,0.45911833611856506,0.5408816638814348,yes
701,5003-OKNNK,0.975948500965906,0.024051499034093936,no
702,3908-BLSYF,0.40355175985190767,0.5964482401480923,yes
703,2786-GCDPI,0.466231934861589,0.5337680651384109,yes
704,7295-JOMMD,0.37043851952565754,0.6295614804743426,yes
705,9603-OAIHC,0.24392501917646203,0.7560749808235377,yes
706,2834-JKOOW,0.9313841786545024,0.06861582134549757,no
707,8780-IXSTS,0.31768665163569415,0.6823133483643059,yes
708,4530-NDRKU,0.9760278426084404,0.023972157391559782,no
709,1866-RZZQS,0.4719492927423573,0.5280507072576427,yes
710,3097-NQYSN,0.19302696249282078,0.8069730375071791,yes
711,0556-FJEGU,0.93724961863509,0.06275038136490994,no
712,7396-VJUZB,0.5629339239583251,0.4370660760416751,no
713,1265-ZFOSD,0.9712087383198942,0.028791261680105748,no
714,8548-AWOFC,0.7713064936508102,0.22869350634918997,no
715,8663-UPDGF,0.7933743555394596,0.20662564446054069,no
716,0940-OUQEC,0.38015071749428864,0.619849282505711,yes
717,4716-MRVEN,0.9838291398616407,0.016170860138359385,no
718,7989-AWGEH,0.8616523529930348,0.13834764700696534,no
719,9728-FTTVZ,0.3802172901435463,0.6197827098564537,yes
720,1623-NLDOT,0.8403073392821075,0.15969266071789193,no
721,9845-PEEKO,0.9569931634858168,0.043006836514183154,no
722,8455-HIRAQ,0.6554415338295503,0.34455846617044955,no
723,5919-TMRGD,0.3098383290689645,0.6901616709310353,yes
724,5318-YKDPV,0.9519575403744676,0.04804245962553209,no
725,4475-NVTLU,0.9880164028272105,0.011983597172789422,no
726,1112-CUNAO,0.3805945268526378,0.6194054731473618,yes
727,3266-FTKHB,0.9961620529480291,0.0038379470519709687,no
728,4208-UFFGW,0.44831375349135094,0.5516862465086491,yes
729,1766-GKNMI,0.5749888976498976,0.4250111023501026,no
730,0206-TBWLC,0.7628379417990456,0.2371620582009541,no
731,1098-TDVUQ,0.6730413651585243,0.3269586348414756,no
732,3524-WQDSG,0.5387917747975456,0.46120822520245447,no
733,6855-VLGOS,0.99296876718257,0.007031232817429883,no
734,7609-NRNCA,0.9845139060291578,0.015486093970842265,no
735,6686-YPGHK,0.7766988876384323,0.22330111236156752,no
736,1360-JYXKQ,0.8188643401120088,0.18113565988799074,no
737,6198-ZFIOJ,0.31653487617542914,0.6834651238245708,yes
738,6108-OQZDQ,0.3124896712555031,0.6875103287444968,yes
739,4521-YEEHE,0.544504756574363,0.45549524342563713,no
740,8972-HJWNV,0.28622544309265857,0.7137745569073409,yes
741,4115-BNPJY,0.9243957246819664,0.07560427531803338,no
742,4013-GUXND,0.6223798304251238,0.37762016957487604,no
743,2257-BOVXD,0.6532129207779477,0.3467870792220522,no
744,9881-VCZEP,0.7617560436993791,0.23824395630062056,no
745,0485-ZBSLN,0.9908098186005151,0.009190181399485114,no
746,4770-UEZOX,0.3576227356047563,0.6423772643952438,yes
747,3209-ZPKFI,0.7532951442790672,0.2467048557209327,no
748,7168-HDQHG,0.8901146785604799,0.10988532143952018,no
749,6308-CQRBU,0.8512240377859994,0.1487759622139999,no
750,8878-HMWBV,0.5333296586568506,0.46667034134314944,no
751,0082-LDZUE,0.45953361411360594,0.5404663858863941,yes
752,9142-KZXOP,0.7926787962433072,0.20732120375669255,no
753,7905-TVXTA,0.7165381959715755,0.28346180402842425,no
754,1016-DJTSV,0.4929852897250085,0.5070147102749916,yes
755,1866-DIOQZ,0.9314126055764593,0.06858739442354056,no
756,0259-GBZSH,0.2766866704094083,0.7233133295905914,yes
757,5977-CKHON,0.606342074800638,0.393657925199362,no
758,2270-CHBFN,0.6336113997151919,0.3663886002848082,no
759,9878-TNQGW,0.3443678185830729,0.6556321814169273,yes
760,0953-LGOVU,0.7093097118637034,0.2906902881362963,no
761,6994-FGRHH,0.8499676975537291,0.15003230244627072,no
762,3658-KIBGF,0.47480268243586043,0.5251973175641396,yes
763,2674-MLXMN,0.5378216999630634,0.4621783000369366,no
764,0218-QNVAS,0.8217598377656603,0.1782401622343397,no
765,9392-XBGTD,0.9946034296340599,0.005396570365940045,no
766,9638-JIQYA,0.381919580954456,0.6180804190455439,yes
767,0895-LNKRC,0.9721618881715508,0.027838111828449082,no
768,0013-SMEOE,0.8981118505179266,0.10188814948207313,no
769,1571-SAVHK,0.3335917102162992,0.6664082897837005,yes
770,7180-PISOG,0.3615502179478752,0.6384497820521247,yes
771,9360-AHGNL,0.7921203205467751,0.2078796794532245,no
772,1154-HYWWO,0.8869858922394696,0.11301410776053021,no
773,8544-GOQSH,0.47478673408771355,0.5252132659122865,yes
774,5089-IFSDP,0.8927280367590105,0.10727196324098903,no
775,6928-ONTRW,0.9866555376954825,0.013344462304517303,no
776,8887-IPQNC,0.6398297873367196,0.3601702126632803,no
777,0947-IDHRQ,0.4154480640436767,0.5845519359563233,yes
778,7566-DSRLQ,0.8594135806626475,0.1405864193373518,no
779,7188-CBBBA,0.8417017356419982,0.15829826435800162,no
780,8580-AECUZ,0.22510360415301986,0.7748963958469797,yes
781,0585-EGDDA,0.6402222978257288,0.3597777021742712,no
782,5296-PSYVW,0.9904407417643627,0.009559258235637332,no
783,0135-NMXAP,0.39349167232363086,0.606508327676369,yes
784,6710-HSJRD,0.59211831161912,0.4078816883808801,no
785,1729-VLAZJ,0.9597697530113287,0.040230246988671364,no
786,7812-FZHPE,0.9391184815345458,0.06088151846545415,no
787,5876-HZVZM,0.7984283638397973,0.20157163616020213,no
788,5131-PONJI,0.6628226049284355,0.3371773950715646,no
789,5726-CVNYA,0.9928684697775014,0.00713153022249828,no
790,5863-OOKCL,0.8392940579105616,0.16070594208943814,no
791,2982-IHMFT,0.15845483169089608,0.8415451683091039,yes
792,0595-ITUDF,0.802611584751284,0.1973884152487163,no
793,3957-LXOLK,0.45025407568465753,0.5497459243153423,yes
794,7668-XCFYV,0.4537546445936372,0.5462453554063627,yes
795,7593-JNWRU,0.6912756789213697,0.3087243210786304,no
796,1396-QWFBJ,0.6285009779941769,0.3714990220058232,no
797,3132-TVFDZ,0.6767171622604269,0.32328283773957295,no
798,1839-FBNFR,0.9942057689176422,0.005794231082357579,no
799,8705-WZCYL,0.468283614113606,0.531716385886394,yes
800,6963-EZQEE,0.9875074737361881,0.012492526263812047,no
801,1904-WAJAA,0.9625005929581986,0.037499407041801346,no
802,3727-JEZTU,0.6307335926042958,0.3692664073957041,no
803,1187-WILMM,0.9647249005812697,0.035275099418730346,no
804,1229-RCALF,0.7939548356150516,0.20604516438494838,no
805,1270-XKUCC,0.9927360378341894,0.007263962165810465,no
806,9236-NDUCW,0.9812100257709417,0.018789974229058128,no
807,4465-VDKIQ,0.6169481893128367,0.3830518106871633,no
808,8008-HAWED,0.6512810035208223,0.3487189964791775,no
809,7450-NWRTR,0.30564777708124946,0.6943522229187498,yes
810,6732-VAILE,0.9476296701030894,0.052370329896910775,no
811,5575-GNVDE,0.90526009387523,0.09473990612476953,no
812,9752-ZNQUT,0.4379967785082692,0.5620032214917308,yes
813,3454-JFUBC,0.9946841314295948,0.00531586857040525,no
814,6407-UTSLV,0.2924899888805643,0.7075100111194356,yes
815,6656-JWRQX,0.40881562674275673,0.5911843732572433,yes
816,4999-IEZLT,0.857611417357758,0.1423885826422416,no
817,0907-HQNTS,0.9595883243275916,0.04041167567240835,no
818,7590-VHVEG,0.41524997017710014,0.5847500298228998,yes
819,1060-ENTOF,0.828009582212801,0.17199041778719873,no
820,3457-PQBYH,0.9906512068961555,0.009348793103844151,no
821,5619-XZZKR,0.977085555964137,0.022914444035862815,no
822,5555-RNPGT,0.8792400534523547,0.12075994654764496,no
823,0780-XNZFN,0.994445969355855,0.005554030644144896,no
824,3374-LXDEV,0.387102783434742,0.6128972165652579,yes
825,5133-VRSAB,0.6867186069113024,0.31328139308869757,no
826,9388-ZEYVT,0.8602229467076546,0.13977705329234488,no
827,9909-DFRJA,0.8451992119380207,0.1548007880619789,no
828,8577-QSOCG,0.9940856911590845,0.005914308840915361,no
829,2137-DQMEV,0.9415234923960866,0.05847650760391313,no
830,4274-DRSQT,0.8735862660532994,0.1264137339467006,no
831,2758-RNWXS,0.88417016909346,0.11582983090653982,no
832,5671-UUNXD,0.8128239503890508,0.18717604961094905,no
833,0247-SLUJI,0.6602359433479161,0.3397640566520836,no
834,9919-FZDED,0.993496827073739,0.006503172926261125,no
835,5840-NVDCG,0.9404130283697094,0.05958697163029023,no
836,4521-WFJAI,0.9829841526204097,0.01701584737959033,no
837,9860-LISIZ,0.9216323163022752,0.07836768369772493,no
838,7734-DBOAI,0.5246267066534466,0.4753732933465535,no
839,0057-QBUQH,0.9951833173172174,0.0048166826827827705,no
840,6298-QDFNH,0.5883140503732133,0.4116859496267869,no
841,1757-TCATG,0.9829919766036788,0.01700802339632122,no
842,6838-YAUVY,0.830542838464505,0.1694571615354947,no
843,2369-FEVNO,0.6238892320042407,0.37611076799575927,no
844,1169-WCVAK,0.742378136009447,0.25762186399055287,no
845,8559-CIZFV,0.9214079517154065,0.07859204828459376,no
846,9068-VPWQQ,0.9788748444127244,0.021125155587275516,no
847,6543-XRMYR,0.4581541370925232,0.5418458629074767,yes
848,8722-PRFDV,0.9820418307998591,0.01795816920014079,no
849,6233-HXJMX,0.57122396268622,0.42877603731378017,no
850,9668-PUGNU,0.9899204925431789,0.010079507456821133,no
851,7074-IEVOJ,0.20444888797381083,0.7955511120261889,yes
852,3506-OVLKD,0.9248527151082758,0.07514728489172412,no
853,3992-YWPKO,0.3252457731266618,0.6747542268733383,yes
854,3128-YOVTD,0.8600390327911704,0.13996096720883003,no
855,7389-KBFIT,0.5382598803151308,0.4617401196848694,no
856,4622-YNKIJ,0.9620923329034372,0.03790766709656257,no
857,3778-FOAQW,0.9843839566565667,0.015616043343433387,no
858,3146-JTQHR,0.9845148173742504,0.015485182625749456,no
859,3945-GFWQL,0.7296825699161521,0.27031743008384773,no
860,3987-KQDDU,0.6509526048083495,0.34904739519165034,no
861,6243-OZGFH,0.7109097551635069,0.28909024483649287,no
862,7817-BOQPW,0.29404689263326034,0.7059531073667397,yes
863,8388-FYNPZ,0.6719523723822743,0.32804762761772566,no
864,4703-MQYKT,0.9951762113376604,0.004823788662339624,no
865,3284-SVCRO,0.9848092351602249,0.015190764839775323,no
866,8847-GEOOQ,0.7366909519440713,0.2633090480559284,no
867,9581-GVBXT,0.9505117688690657,0.04948823113093393,no
868,8350-NYMVI,0.7040133565462183,0.29598664345378145,no
869,6352-TWCAU,0.5749888976498976,0.4250111023501026,no
870,8044-BGWPI,0.8670144828916193,0.13298551710838058,no
871,5834-ASPWA,0.2676399637899831,0.7323600362100164,yes
872,5884-GCYMI,0.27572016967849233,0.7242798303215077,yes
873,7909-FIOIY,0.7234694661014035,0.2765305338985961,no
874,7055-JCGNI,0.9347916334944473,0.06520836650555237,no
875,1658-XUHBX,0.6106589107323809,0.389341089267619,no
876,5590-BYNII,0.5288436324319743,0.4711563675680258,no
877,6518-PPLMZ,0.9523159088733594,0.04768409112664035,no
878,9824-BEMCV,0.7250165013773983,0.2749834986226018,no
879,1813-JYWTO,0.9904127539813378,0.009587246018662333,no
880,4350-ZTLPI,0.7474240458789965,0.25257595412100353,no
881,9507-EXLTT,0.29629880616681126,0.7037011938331887,yes
882,5766-XQXMQ,0.8310679388057174,0.16893206119428314,no
883,0106-UGRDO,0.9351639981668118,0.06483600183318769,no
884,4257-GAESD,0.5235028376551341,0.47649716234486594,no
885,6683-VLCTZ,0.43876369072505883,0.5612363092749411,yes
886,0970-ETWGE,0.3059488043465304,0.6940511956534696,yes
887,8679-JOEVF,0.7083905379804623,0.2916094620195378,no
888,4883-QICIH,0.7367440874389515,0.2632559125610488,no
889,7156-MXBJE,0.8757686283186286,0.1242313716813712,no
890,7216-EWTRS,0.15771671939693171,0.8422832806030681,yes
891,3370-HXOPH,0.29788632343547516,0.7021136765645246,yes
892,8963-JLGJT,0.6579352966262533,0.34206470337374645,no
893,1602-IJQQE,0.2976838491285583,0.7023161508714416,yes
894,3791-LGQCY,0.5359056108277727,0.46409438917222745,no
895,4255-DDUOU,0.6965754912309765,0.30342450876902327,no
896,3487-EARAT,0.9266052908152023,0.07339470918479753,no
897,2903-YYTBW,0.48589809625222147,0.5141019037477785,yes
898,5688-KZTSN,0.9021931119024251,0.09780688809757519,no
899,4282-YMKNA,0.39783810951232385,0.602161890487676,yes
900,8942-DBMHZ,0.8687795532899933,0.13122044671000654,no
901,8097-OMULG,0.8919609455793994,0.10803905442060037,no
902,5701-ZIKJE,0.6915191271202804,0.30848087287971937,no
903,3144-KMTWZ,0.6076632810576305,0.39233671894236966,no
904,4808-YNLEU,0.8945305423890271,0.10546945761097272,no
905,2232-DMLXU,0.46418477177779416,0.535815228222206,yes
906,1934-SJVJK,0.6070681166502121,0.39293188334978796,no
907,8197-BFWVU,0.9720864606749289,0.027913539325071263,no
908,5126-RCXYW,0.9541429263161908,0.04585707368380918,no
909,5996-DAOQL,0.6274627592709625,0.37253724072903743,no
910,0030-FNXPP,0.7480353518874858,0.2519646481125144,no
911,4510-PYUSH,0.7938753623491445,0.20612463765085556,no
912,6322-HRPFA,0.8673187974742359,0.13268120252576432,no
913,2057-ZBLPD,0.5676452366383598,0.4323547633616404,no
914,8329-GWVPJ,0.7462758779902805,0.25372412200971955,no
915,3845-FXCYS,0.7714684259287545,0.2285315740712457,no
916,9497-QCMMS,0.14564653914885312,0.8543534608511467,yes
917,1080-BWSYE,0.9962880216409105,0.003711978359089657,no
918,5519-NPHVG,0.3396002897690862,0.6603997102309137,yes
919,5063-IUOKK,0.9903324986888442,0.009667501311155504,no
920,8450-LUGUK,0.9940928572311272,0.005907142768872964,no
921,7613-LLQFO,0.39349167232363086,0.606508327676369,yes
922,3158-MOERK,0.24992965195820144,0.7500703480417985,yes
923,0979-PHULV,0.5983470670169715,0.40165293298302857,no
924,5680-LQOGP,0.9783400291546268,0.02165997084537314,no
925,8620-RJPZN,0.6223798304251238,0.37762016957487604,no
926,4390-KYULV,0.777454184374343,0.22254581562565715,no
927,1608-GMEWB,0.49050486511173164,0.5094951348882684,yes
928,3635-JBPSG,0.8988731908022206,0.10112680919777908,no
929,5542-NKVRU,0.9948172791581829,0.005182720841817239,no
930,7037-MTYVW,0.9547134532115625,0.04528654678843741,no
931,9992-UJOEL,0.45968509267722996,0.5403149073227701,yes
932,2987-BJXIK,0.9808101192060161,0.019189880793983916,no
933,0516-QREYC,0.8615421715104077,0.13845782848959243,no
934,7693-LCKZL,0.3829125593589092,0.6170874406410908,yes
935,6486-LHTMA,0.8408988017077741,0.15910119829222563,no
936,3419-SNJJD,0.7159495151473264,0.2840504848526735,no
937,3967-VQOGC,0.9871309400315437,0.01286905996845656,no
938,5348-CAGXB,0.39349167232363086,0.606508327676369,yes
939,6625-UTXEW,0.7036630256105879,0.296336974389412,no
940,2667-WYLWJ,0.9709759907356534,0.02902400926434652,no
941,9819-FBNSV,0.6063875077802644,0.3936124922197357,no
942,0519-XUZJU,0.31000937507516074,0.6899906249248393,yes
943,9821-BESNZ,0.7533777827200548,0.24662221727994502,no
944,4986-MXSFP,0.7639498887689778,0.23605011123102243,no
945,0191-EQUUH,0.9791355077065323,0.020864492293467478,no
946,4660-IRIBM,0.7464839467217819,0.25351605327821813,no
947,8095-WANWK,0.6521288140981799,0.3478711859018199,no
948,9501-UKKNL,0.7409647710107246,0.2590352289892753,no
949,9688-YGXVR,0.6426139427986345,0.35738605720136546,no
950,1612-EOHDH,0.4461010059720938,0.5538989940279062,yes
951,5730-RIITO,0.6776538920491832,0.3223461079508167,no
952,0208-BPQEJ,0.84103457859914,0.15896542140085987,no
953,1241-FPMOF,0.9949177007001004,0.005082299299899515,no
954,1984-FCOWB,0.8123217374059011,0.1876782625940987,no
955,7041-TXQJH,0.7012414267216569,0.29875857327834277,no
956,4853-RULSV,0.9503038565216609,0.04969614347833892,no
957,7253-UVNDW,0.9614932618005144,0.038506738199485524,no
958,3536-IQCTX,0.5028292624724167,0.49717073752758345,no
959,9943-VSZUV,0.5871643862468352,0.412835613753165,no
960,9089-UOWJG,0.720933608628914,0.27906639137108585,no
961,2452-KDRRH,0.5422216999630634,0.45777830003693665,no
962,7598-UAASY,0.3484638298970102,0.65153617010299,yes
963,5130-YPIRV,0.962880993985817,0.03711900601418288,no
964,8429-XIBUM,0.5288436324319743,0.4711563675680258,no
965,5702-SKUOB,0.8127979666691668,0.18720203333083332,no
966,3716-BDVDB,0.38653919281765936,0.6134608071823406,yes
967,8665-UTDHZ,0.5147815434309249,0.4852184565690751,no
968,7841-FCRQD,0.8897486775115501,0.11025132248844971,no
969,4903-UYAVB,0.8355181235737568,0.1644818764262433,no
970,5129-HHMZC,0.9689727952666035,0.03102720473339631,no
971,6458-CYIDZ,0.6187117750916532,0.38128822490834674,no
972,9073-ZZIAY,0.9609412400145773,0.03905875998542246,no
973,3404-JNXAX,0.6233480677454728,0.3766519322545273,no
974,6121-VZNQB,0.7124914684354349,0.2875085315645651,no
975,3672-YITQD,0.5267208655660635,0.4732791344339366,no
976,6505-OZNPG,0.9543393429980774,0.045660657001922476,no
977,0289-IVARM,0.8347062626651959,0.16529373733480468,no
978,0164-XAIRP,0.9951762113376604,0.004823788662339624,no
979,7284-BUYEC,0.5090432493894742,0.49095675061052574,no
980,2516-XSJKX,0.9522575334747414,0.04774246652525822,no
981,8138-EALND,0.8518919836158834,0.14810801638411664,no
982,6288-LBEAR,0.629696493725864,0.3703035062741361,no
983,3858-VOBET,0.6018896531093768,0.3981103468906232,no
984,8316-BBQAY,0.9849794207938841,0.015020579206115898,no
985,8040-MNRTF,0.31000937507516074,0.6899906249248393,yes
986,8731-WBBMB,0.6428885979862841,0.35711140201371594,no
987,3627-FCRDW,0.4957540858000534,0.5042459141999467,yes
988,7139-JZFVG,0.9636222380490218,0.036377761950977965,no
989,8167-GJLRN,0.48903653530789837,0.5109634646921016,yes
990,7890-VYYWG,0.40767283387616904,0.5923271661238309,yes
991,9386-LDCZR,0.8762106126902599,0.12378938730974028,no
992,4950-BDEUX,0.7188675892662288,0.28113241073377077,no
993,3902-MIVLE,0.9639053139936047,0.03609468600639531,no
994,1139-WUOAH,0.921643531530716,0.07835646846928375,no
995,5986-WWXDV,0.974975211029493,0.02502478897050715,no
996,4815-GBTCD,0.5039543219853286,0.4960456780146715,no
997,3549-ZTMNH,0.9855102704968168,0.014489729503183056,no
998,4884-LEVMQ,0.9948172791581829,0.005182720841817239,no
999,5419-CONWX,0.35035772898837514,0.6496422710116246,yes
1000,8612-GXIDD,0.9909059623602653,0.009094037639734523,no
1001,4412-YLTKF,0.5153740108918702,0.4846259891081299,no
1002,0559-CKHUS,0.9955219524014719,0.0044780475985282545,no
1003,2004-OCQXK,0.29789444289943434,0.7021055571005657,yes
1004,5707-ZMDJP,0.944848596050017,0.055151403949982525,no
1005,6904-JLBGY,0.9721956420156098,0.027804357984390002,no
1006,3678-MNGZX,0.9919876750010543,0.008012324998945438,no
1007,9838-BFCQT,0.9957959251104413,0.004204074889558843,no
1008,1951-IEYXM,0.983115600013851,0.01688439998614932,no
1009,0895-DQHEW,0.5616839661007056,0.43831603389929447,no
1010,3439-GVUSX,0.37989229125762186,0.6201077087423781,yes
1011,6253-GNHWH,0.9810201496448873,0.01897985035511294,no
1012,2346-DJQTB,0.6640366131845842,0.33596338681541554,no
1013,5968-HYJRZ,0.9941459494968755,0.005854050503124649,no
1014,3645-DEYGF,0.694351572655913,0.3056484273440869,no
1015,1346-UFHAX,0.6708429859899507,0.3291570140100493,no
1016,3500-NSDOA,0.9568180462896392,0.043181953710360974,no
1017,3733-UOCWF,0.8760325391342164,0.12396746086578349,no
1018,4304-TSPVK,0.9262221153326584,0.07377788466734123,no
1019,0128-MKWSG,0.8044200584919114,0.19557994150808855,no
1020,2361-FJWNO,0.8783568098190819,0.12164319018091747,no
1021,3785-NRHYR,0.6615619531238592,0.33843804687614065,no
1022,6419-ZTTLE,0.9905988820004876,0.009401117999512341,no
1023,2831-EBWRN,0.5566928253643543,0.4433071746356457,no
1024,4439-YRNVD,0.562125021661317,0.43787497833868316,no
1025,1150-FTQGN,0.8710324870249113,0.12896751297508904,no
1026,0567-XRHCU,0.9863231723593269,0.01367682764067294,no
1027,8659-HDIYE,0.632594519296699,0.3674054807033012,no
1028,1561-BWHIN,0.9723026534509589,0.027697346549041008,no
1029,1657-DYMBM,0.9943433091065984,0.005656690893401562,no
1030,3398-GCPMU,0.9863556533622507,0.013644346637749353,no
1031,6849-OYAMU,0.7151353567698908,0.2848646432301092,no
1032,5906-BFOZT,0.6697623147903148,0.3302376852096851,no
1033,1237-WIYYZ,0.9081344353939977,0.09186556460600205,no
1034,4385-GZQXV,0.5026853942365938,0.4973146057634063,no
1035,2592-YKDIF,0.6249053189928346,0.3750946810071653,no
1036,2974-GGUXS,0.4995434319651838,0.5004565680348162,yes
1037,2188-SXWVT,0.90526009387523,0.09473990612476953,no
1038,7989-CHGTL,0.6591183441013029,0.3408816558986971,no
1039,2988-QRAJY,0.9317867826770203,0.06821321732297926,no
1040,9399-APLBT,0.31969114292177836,0.6803088570782215,yes
1041,9637-CDTKZ,0.9688079218224769,0.031192078177522776,no
1042,7055-HNEOJ,0.5760361237478113,0.4239638762521886,no
1043,2378-HTWFW,0.6341531937695621,0.36584680623043797,no
1044,0164-APGRB,0.9683079218224769,0.03169207817752277,no
1045,5499-ECUTN,0.8930360097061798,0.1069639902938202,no
1046,9618-LFJRU,0.8063605762910717,0.1936394237089285,no
1047,4139-SUGLD,0.816868447736659,0.18313155226334132,no
1048,3070-FNFZQ,0.9932278954460257,0.006772104553974231,no
1049,2777-PHDEI,0.2974357195678756,0.7025642804321244,yes
1050,2842-BCQGE,0.5989336364366291,0.401066363563371,no
1051,6901-GOGZG,0.9641663899429718,0.035833610057028224,no
1052,2984-RGEYA,0.9856362087944871,0.014363791205512764,no
1053,2530-ENDWQ,0.9058808242942998,0.09411917570569983,no
1054,8671-KKKOS,0.84925643456607,0.15074356543392992,no
1055,8148-NLEGT,0.9940928572311272,0.005907142768872964,no
1056,1897-OKVMW,0.9571829580801241,0.04281704191987588,no
1057,4816-OKWNX,0.8019101920058007,0.19808980799419904,no
1058,4182-BGSIQ,0.9032874016930438,0.0967125983069562,no
1059,6376-GAHQE,0.4043985624922385,0.5956014375077614,yes
1060,8260-NGFNY,0.414985431136393,0.5850145688636069,yes
1061,8229-TNIQA,0.5663336218736175,0.4336663781263826,no
1062,2236-HILPA,0.9913081051184873,0.008691894881512365,no
1063,0248-PGHBZ,0.9641801232380103,0.035819876761989604,no
1064,0804-XBFBV,0.6735325982100054,0.3264674017899945,no
1065,0369-ZGOVK,0.8299049133240523,0.17009508667594747,no
1066,7901-HXJVA,0.4843587386087777,0.5156412613912223,yes
1067,2235-ZGKPT,0.54069819482812,0.4593018051718801,no
1068,3913-RDSJZ,0.9911820924051127,0.008817907594887509,no
1069,9643-AVVWI,0.38600818808050374,0.6139918119194963,yes
1070,8149-AIQCG,0.6579404408143688,0.3420595591856311,no
1071,8922-NPKBJ,0.9919106789825147,0.008089321017485109,no
1072,4576-CSAJH,0.8985601992356049,0.10143980076439453,no
1073,1121-QSIVB,0.8460683136599151,0.15393168634008483,no
1074,3712-PKXZA,0.968999617475285,0.03100038252471512,no
1075,4707-YNOQA,0.9650638561012825,0.034936143898717534,no
1076,4361-FEBGN,0.9947112424352896,0.0052887575647103625,no
1077,0318-QUUOB,0.29629880616681126,0.7037011938331887,yes
1078,6576-FBXOJ,0.8399687266120425,0.16003127338795714,no
1079,2479-BRAMR,0.6935111081589678,0.306488891841032,no
1080,3752-CQSJI,0.9121679007082554,0.08783209929174467,no
1081,6345-FZOQH,0.9961564829067949,0.0038435170932051583,no
1082,7270-BDIOA,0.5636714314684339,0.43632856853156626,no
1083,8593-WHYHV,0.2953374819997642,0.7046625180002357,yes
1084,5372-FBKBN,0.9350841326697135,0.06491586733028634,no
1085,4030-VPZBD,0.4009477338858262,0.5990522661141737,yes
1086,6772-KSATR,0.5742416007582284,0.4257583992417715,no
1087,0068-FIGTF,0.8564065282913793,0.1435934717086201,no
1088,6080-LNESI,0.9527611732185396,0.04723882678146036,no
1089,1705-GUHPV,0.9884737185473854,0.011526281452614735,no
1090,4227-OJHAL,0.915743199905827,0.08425680009417313,no
1091,0835-JKADZ,0.8467294598322858,0.15327054016771374,no
1092,3785-KTYSH,0.984196903728439,0.015803096271561047,no
1093,9114-AAFQH,0.844735283433816,0.1552647165661836,no
1094,7605-SNLQG,0.7891339501662895,0.21086604983371007,no
1095,3062-ICYZQ,0.6911232567709668,0.30887674322903336,no
1096,7445-WMRBW,0.8809229798059951,0.11907702019400475,no
1097,9530-GRMJG,0.9505630034364227,0.04943699656357744,no
1098,1205-WNWPJ,0.694654939540285,0.30534506045971477,no
1099,8413-VONUO,0.3507863216784758,0.6492136783215244,yes
1100,6434-TTGJP,0.9806144534010245,0.01938554659897528,no
1101,6728-DKUCO,0.8697962298852171,0.1302037701147829,no
1102,2516-VQRRV,0.2101034501606397,0.7898965498393602,yes
1103,7315-WYOAW,0.33005996418455313,0.6699400358154466,yes
1104,7501-VTYLJ,0.4783549773704806,0.5216450226295193,yes
1105,2749-CTKAJ,0.9703610314330438,0.02963896856695609,no
1106,5248-YGIJN,0.9899927453464146,0.010007254653585717,no
1107,2178-PMGCJ,0.7053832304249835,0.29461676957501665,no
1108,9314-IJWSQ,0.5079000666475475,0.4920999333524525,no
1109,4338-EYCER,0.7791188387444064,0.22088116125559337,no
1110,7109-MFBYV,0.7732772892362848,0.22672271076371492,no
1111,3318-NMQXL,0.3984196193994089,0.6015803806005912,yes
1112,0186-CAERR,0.7669743870480288,0.2330256129519711,no
1113,4860-IJUDE,0.6468956949286531,0.3531043050713468,no
1114,3308-JSGML,0.9731679104800977,0.02683208951990238,no
1115,9530-EHPOH,0.662447560861098,0.3375524391389016,no
1116,6305-YLBMM,0.8109352975350806,0.18906470246491927,no
1117,3230-WYKIR,0.8290733645912411,0.17092663540875874,no
1118,9945-PSVIP,0.9931282421211306,0.006871757878869336,no
1119,7721-JXEAW,0.7311325194393412,0.26886748056065846,no
1120,3727-RJMEO,0.32539394090877294,0.6746060590912271,yes
1121,2230-XTUWL,0.988718376587805,0.011281623412194979,no
1122,5084-OOVCJ,0.805930711869282,0.1940692881307177,no
1123,8270-RKSAP,0.5112347605840383,0.4887652394159618,no
1124,8584-KMVXD,0.43895094253710476,0.5610490574628951,yes
1125,5842-POCOP,0.630653733148542,0.3693462668514577,no
1126,2805-AUFQN,0.9917403139017631,0.008259686098237061,no
1127,7312-XSBAT,0.49132802111234514,0.5086719788876549,yes
1128,4983-CCWMC,0.40335385577588745,0.5966461442241124,yes
1129,0804-YGEQV,0.982534274521244,0.017465725478756057,no
1130,1709-EJDOX,0.9805824791519074,0.019417520848092413,no
1131,2277-DJJDL,0.5510909090016053,0.44890909099839477,no
1132,9470-XCCEM,0.6132946668595741,0.38670533314042593,no
1133,3224-DFQNQ,0.9096677706700435,0.0903322293299565,no
1134,7517-LDMPS,0.47312944424575826,0.5268705557542417,yes
1135,8668-KNZTI,0.9018308756059221,0.09816912439407753,no
1136,8207-DMRVL,0.9663016413588111,0.033698358641188614,no
1137,6275-YDUVO,0.3478230477557762,0.652176952244224,yes
1138,0550-DCXLH,0.5059883299914412,0.49401167000855895,no
1139,4365-MSDYN,0.853041239759478,0.1469587602405218,no
1140,9863-JZAIC,0.7820959607068885,0.21790403929311133,no
1141,7197-VOJMM,0.9733841359471453,0.0266158640528544,no
1142,1084-UQCHV,0.3696608207235338,0.6303391792764662,yes
1143,9279-CJEOJ,0.45979603449789563,0.5402039655021043,yes
1144,0112-QWPNC,0.905430182076273,0.09456981792372694,no
1145,9095-HFAFX,0.39848080268281877,0.6015191973171812,yes
1146,8873-TMKGR,0.9848435181339609,0.015156481866039306,no
1147,2862-PFNIK,0.5013649304713385,0.4986350695286616,no
1148,7996-BPXHY,0.9945057887491544,0.005494211250845633,no
1149,3399-BMLVW,0.9475501747721292,0.05244982522787052,no
1150,9128-CPXKI,0.8662215024942362,0.13377849750576373,no
1151,5828-DWPIL,0.8281187979419004,0.1718812020580991,no
1152,7969-AULMZ,0.5152111054243717,0.4847888945756285,no
1153,2603-HVKCG,0.6134118868392809,0.38658811316071934,no
1154,0909-SDHNU,0.6762237977184244,0.3237762022815758,no
1155,9170-CCKOU,0.7242942861758085,0.27570571382419157,no
1156,4080-OGPJL,0.6716753740857685,0.3283246259142315,no
1157,7623-TRNQN,0.47024330971120376,0.5297566902887961,yes
1158,6629-LADHQ,0.5594862449875244,0.4405137550124754,no
1159,4652-ODEVH,0.9891459494968755,0.010854050503124648,no
1160,9862-KJTYK,0.7301361327680702,0.26986386723192946,no
1161,3934-HXCFZ,0.5314208330091749,0.46857916699082514,no
1162,4419-UJMUS,0.8662844701182975,0.13371552988170238,no
1163,7336-RLLRH,0.9085971593917743,0.09140284060822564,no
1164,3649-JPUGY,0.9405196378512116,0.05948036214878836,no
1165,6599-GZWCM,0.7375599727944605,0.2624400272055394,no
1166,1564-HJUVY,0.6339555570405441,0.36604444295945593,no
1167,9199-PWQVC,0.9152129330550375,0.08478706694496255,no
1168,7606-BPHHN,0.9952148685723702,0.0047851314276297005,no
1169,4317-VTEOA,0.4347595234409175,0.5652404765590825,yes
1170,3061-BCKYI,0.8619155277055512,0.1380844722944486,no
1171,7716-YTYHG,0.8411716420895167,0.15882835791048341,no
1172,3352-RICWQ,0.9796295079248177,0.020370492075181934,no
1173,0295-QVKPB,0.6536521945101476,0.34634780548985233,no
1174,1764-VUUMT,0.991297253671232,0.00870274632876769,no
1175,5989-OMNJE,0.9197864541106832,0.08021354588931658,no
1176,3247-MHJKM,0.5783063282216674,0.4216936717783325,no
1177,9972-NKTFD,0.7818217604902287,0.2181782395097711,no
1178,2359-KLTEK,0.6218761607115695,0.37812383928843063,no
1179,9231-ZJYAM,0.32980204913589484,0.6701979508641052,yes
1180,4829-ZLJTK,0.9834826466776146,0.016517353322385343,no
1181,1047-NNCBF,0.650439997071417,0.3495600029285832,no
1182,6465-GSRCL,0.8484338296413315,0.1515661703586684,no
1183,8286-AFUYI,0.473365056883402,0.5266349431165981,yes
1184,3092-IGHWF,0.8768102992778306,0.1231897007221697,no
1185,0541-FITGH,0.5800945583535337,0.41990544164646615,no
1186,2203-GHNWN,0.5895989470830364,0.4104010529169637,no
1187,7954-MLBUN,0.8981562299931641,0.10184377000683575,no
1188,2675-DHUTR,0.5400770393992012,0.45992296060079885,no
1189,7824-PANSQ,0.6436561691793393,0.3563438308206608,no
1190,8805-JNRAZ,0.4567578689575534,0.5432421310424467,yes
1191,0390-DCFDQ,0.2509832390760629,0.749016760923937,yes
1192,3923-CSIHK,0.6236281288981181,0.37637187110188186,no
1193,9570-KYEUA,0.9378717447765739,0.06212825522342587,no
1194,1075-BGWOH,0.3880143735001495,0.6119856264998502,yes
1195,6490-FGZAT,0.8596951359405886,0.14030486405941142,no
1196,1921-KYSAY,0.8689703023371969,0.13102969766280276,no
1197,6732-FZUGP,0.8498824475480147,0.15011755245198524,no
1198,1877-HKBQX,0.9086145154208358,0.09138548457916386,no
1199,9822-WMWVG,0.5773235778791678,0.42267642212083223,no
1200,0877-SDMBN,0.8123450221115855,0.18765497788841437,no
1201,7672-VFMXZ,0.8433429805740034,0.15665701942599708,no
1202,4926-UMJZD,0.7799907042814194,0.22000929571858033,no
1203,4877-TSOFF,0.931604499444406,0.06839550055559443,no
1204,9391-TTOYH,0.9133402652260392,0.08665973477396063,no
1205,6653-CBBOM,0.3197218839593114,0.6802781160406884,yes
1206,7551-DACSP,0.6747632848899214,0.3252367151100787,no
1207,0219-YTZUE,0.3437468971784722,0.6562531028215279,yes
1208,0929-PECLO,0.6059447030500039,0.3940552969499963,no
1209,9506-UXUSK,0.5138313390199527,0.4861686609800474,no
1210,7394-FKDNK,0.4577223429386844,0.5422776570613155,yes
1211,3797-FKOGQ,0.47922432282698013,0.5207756771730199,yes
1212,5600-PDUJF,0.6150114882734607,0.3849885117265392,no
1213,6507-ZJSUR,0.5627829738810504,0.4372170261189497,no
1214,5539-HIVAK,0.8605001887906378,0.13949981120936214,no
1215,6848-YLDFR,0.8915724627444049,0.10842753725559483,no
1216,4446-BZKHU,0.5914000362204833,0.4085999637795168,no
1217,0447-BEMNG,0.8537436140532495,0.14625638594675042,no
1218,3813-DHBBB,0.9802069486122821,0.01979305138771804,no
1219,7742-MYPGI,0.6759370216265751,0.324062978373425,no
1220,2274-XUATA,0.9896751835838518,0.010324816416148243,no
1221,6652-YFFJO,0.7408684161833395,0.25913158381666046,no
1222,5012-YSPJJ,0.8043637256174282,0.19563627438257203,no
1223,2931-SVLTV,0.6331149170576387,0.36688508294236166,no
1224,6463-MVYRY,0.9061984080764219,0.0938015919235778,no
1225,6435-SRWBJ,0.30707326373837135,0.6929267362616285,yes
1226,6906-ANDWJ,0.5876411624035464,0.4123588375964535,no
1227,4625-XMOYM,0.9957959251104413,0.004204074889558843,no
1228,8963-MQVYN,0.9417507993363802,0.058249200663619674,no
1229,1891-QRQSA,0.9138146175364271,0.08618538246357278,no
1230,3090-LETTY,0.5993337506250633,0.4006662493749367,no
1231,1376-HHBDV,0.8253441341844286,0.1746558658155719,no
1232,7771-ZONAT,0.9232791611385897,0.07672083886141023,no
1233,0608-JDVEC,0.9948151365975363,0.0051848634024636185,no
1234,2925-MXLSX,0.881208290840055,0.11879170915994458,no
1235,6374-AFWOX,0.970408455772758,0.02959154422724183,no
1236,1125-SNVCK,0.708724608164578,0.29127539183542195,no
1237,6762-NSODU,0.9915263510694636,0.008473648930536282,no
1238,3373-DIUUN,0.9946034296340599,0.005396570365940045,no
1239,4102-HLENU,0.9728704059638251,0.027129594036174716,no
1240,3346-BRMIS,0.6299181957848524,0.3700818042151478,no
1241,4302-ZYFEL,0.9838545454681308,0.01614545453186916,no
1242,5204-QZXPU,0.6937582574798187,0.306241742520181,no
1243,9588-OZDMQ,0.4770188543264282,0.5229811456735718,yes
1244,3714-XPXBW,0.7569485338788658,0.2430514661211342,no
1245,5766-ZJYBB,0.6612699509814968,0.33873004901850307,no
1246,0637-YLETY,0.43990841049012425,0.5600915895098758,yes
1247,1142-WACZW,0.415604299542392,0.5843957004576079,yes
1248,2276-YDAVZ,0.29697855398843176,0.7030214460115681,yes
1249,4988-IQIGL,0.16732582962212583,0.832674170377874,yes
1250,4083-EUGRJ,0.8588061035324976,0.1411938964675021,no
1251,2805-EDJPQ,0.8121132756127873,0.18788672438721243,no
1252,9402-ROUMJ,0.871324270706078,0.128675729293922,no
1253,0431-APWVY,0.776895468155031,0.22310453184496903,no
1254,5944-UGLLK,0.8547733053523081,0.14522669464769167,no
1255,5397-TUPSH,0.910993607310857,0.08900639268914301,no
1256,3551-HUAZH,0.15845483169089608,0.8415451683091039,yes
1257,9774-NRNAU,0.4990182130141851,0.5009817869858149,yes
1258,9505-SQFSW,0.5788106383173303,0.42118936168266985,no
1259,9817-APLHW,0.8330247222863051,0.1669752777136946,no
1260,1513-XNPPH,0.4717334510658776,0.5282665489341223,yes
1261,3733-ZEECP,0.787179168185539,0.21282083181446115,no
1262,2697-NQBPF,0.5169077275074586,0.48309227249254144,no
1263,3623-FQBOX,0.9116190433921905,0.08838095660780938,no
1264,9805-FILKB,0.983518041368137,0.016481958631863223,no
1265,7228-PAQPD,0.8820398750054729,0.1179601249945271,no
1266,0757-WCUUZ,0.9230595638528777,0.07694043614712259,no
1267,4111-BNXIF,0.9708175471327277,0.02918245286727227,no
1268,6198-RTPMF,0.5050956039200647,0.49490439607993525,no
1269,0930-EHUZA,0.8860351123771527,0.11396488762284712,no
1270,7526-IVLYU,0.7651201809253192,0.2348798190746811,no
1271,3452-GWUIN,0.4546334792237124,0.5453665207762874,yes
1272,8400-WZICQ,0.8669302034660227,0.13306979653397752,no
1273,4254-QPEDE,0.9911931503232365,0.008806849676763467,no
1274,1023-BQXZE,0.9614623464825922,0.0385376535174075,no
1275,5161-XEUVX,0.8247731125571045,0.1752268874428954,no
1276,4250-WAROZ,0.7258904523496413,0.27410954765035844,no
1277,4423-YLHDV,0.5262325213208632,0.4737674786791369,no
1278,9424-CMPOG,0.9917128412581511,0.008287158741848604,no
1279,0742-MOABM,0.5626803329190793,0.4373196670809207,no
1280,7706-DZNKK,0.8651858032899934,0.13481419671000652,no
1281,2729-VNVAP,0.99348806556836,0.006511934431639875,no
1282,8404-GFGCZ,0.5315440970552832,0.4684559029447169,no
1283,4335-UPJSI,0.9809650719579603,0.0190349280420395,no
1284,4367-NHWMM,0.37744180559071827,0.6225581944092817,yes
1285,8630-FJLIB,0.6870042431099241,0.3129957568900761,no
1286,8780-RSYYU,0.9236607069613317,0.07633929303866804,no
1287,6899-PPEEA,0.46855086023472475,0.5314491397652753,yes
1288,0774-RMNUW,0.989443836398817,0.010556163601182939,no
1289,1965-DDBWU,0.4785642364943891,0.5214357635056109,yes
1290,3212-KXOCR,0.9933246832302319,0.006675316769768019,no
1291,0409-WTMPL,0.7337351162818468,0.26626488371815293,no
1292,0867-MKZVY,0.7425953343671325,0.25740466563286757,no
1293,7814-LEEVE,0.616282608370124,0.38371739162987595,no
1294,7883-ROJOC,0.7731258381784072,0.22687416182159256,no
1295,4825-FUREZ,0.995315494136661,0.004684505863339102,no
1296,5325-UWTWJ,0.7277987883914747,0.27220121160852534,no
1297,3629-WEAAM,0.7120295283861761,0.2879704716138238,no
1298,3345-PBBFH,0.6608865741718639,0.3391134258281358,no
1299,3030-YDNRM,0.362590555484238,0.637409444515762,yes
1300,2722-JMONI,0.46889999460438037,0.5311000053956197,yes
1301,4690-LLKUA,0.6829583434021121,0.31704165659788813,no
1302,4318-RAJVY,0.9840981507075837,0.01590184929241612,no
1303,5371-VYLSX,0.7178803510974465,0.28211964890255314,no
1304,7529-ZDFXI,0.5803782855222873,0.41962171447771285,no
1305,0661-WCQNQ,0.9077923050850729,0.09220769491492675,no
1306,7103-IPXPJ,0.8305480982044913,0.16945190179550867,no
1307,3640-PHQXK,0.5728553702577495,0.42714462974225065,no
1308,9101-NTIXF,0.7778827194948503,0.2221172805051497,no
1309,2475-MROZF,0.5605827973573391,0.43941720264266093,no
1310,8414-MYSHR,0.36476740707065824,0.6352325929293418,yes
1311,6087-YPWHO,0.9886945390816884,0.01130546091831183,no
1312,2495-TTHBQ,0.9561633991115285,0.043836600888471466,no
1313,8982-NHAVY,0.8254411971203629,0.17455880287963674,no
1314,3280-MRDOF,0.9388803264566639,0.06111967354333588,no
1315,2209-XADXF,0.414985431136393,0.5850145688636069,yes
1316,3569-EDBPQ,0.7466591343611115,0.25334086563888847,no
1317,7654-YWJUF,0.8873250681485146,0.11267493185148536,no
1318,2542-HYGIQ,0.6260609491759578,0.37393905082404205,no
1319,6094-ZIVKX,0.9036265431100539,0.09637345688994582,no
1320,3508-VLHCZ,0.9796849320123435,0.020315067987656824,no
1321,2115-BFTIW,0.6587700807276579,0.34122991927234225,no
1322,1925-TIBLE,0.32485357061788533,0.6751464293821148,yes
1323,7319-ZNRTR,0.9836076911036038,0.01639230889639619,no
1324,0224-RLWWD,0.44778430047592316,0.5522156995240768,yes
1325,4588-YBNIB,0.6591183441013029,0.3408816558986971,no
1326,2223-GDSHL,0.9466719741897814,0.053328025810218414,no
1327,6910-HADCM,0.2974357195678756,0.7025642804321244,yes
1328,0921-OHLVP,0.581586548556054,0.4184134514439462,no
1329,8819-WFGGJ,0.9823935023868109,0.017606497613189276,no
1330,3106-ULWFW,0.3481953518979262,0.6518046481020737,yes
1331,9018-PCIOK,0.9504314270037963,0.04956857299620363,no
1332,6211-WWLTF,0.9548698573969118,0.04513014260308781,no
1333,2684-EIWEO,0.6355948158729489,0.3644051841270511,no
1334,8450-UYIBU,0.6289529211819894,0.37104707881801086,no
1335,6791-YBNAK,0.7219745896514651,0.27802541034853456,no
1336,3254-YRILK,0.4789032711817203,0.5210967288182795,yes
1337,4698-KVLLG,0.9902174853214488,0.009782514678551164,no
1338,7608-RGIRO,0.9961077361986885,0.0038922638013117626,no
1339,8547-NSBBO,0.5725288276244294,0.42747117237557064,no
1340,7241-AJHFS,0.7530403102203336,0.2469596897796664,no
1341,7995-ZHHNZ,0.9080401976421224,0.09195980235787754,no
1342,4710-NKCAW,0.6748296865855966,0.32517031341440356,no
1343,6542-LWGXJ,0.45945057259380084,0.5405494274061989,yes
1344,1626-ERCMM,0.4596811493830104,0.5403188506169894,yes
1345,9208-OLGAQ,0.561741522399478,0.4382584776005221,no
1346,4369-NYSCF,0.8630974273751443,0.1369025726248555,no
1347,2722-VOJQL,0.7857438213858383,0.21425617861416169,no
1348,3682-YEUWS,0.8792400534523547,0.12075994654764496,no
1349,5018-HEKFO,0.8258395438671114,0.17416045613288836,no
1350,0810-BDHAW,0.9262408801532612,0.07375911984673895,no
1351,3803-KMQFW,0.6990182393225796,0.3009817606774202,no
1352,1455-UGQVH,0.33105135003708197,0.6689486499629179,yes
1353,7601-DHFWZ,0.9815719037284389,0.018428096271561046,no
1354,3719-TDVQB,0.9810326203067273,0.01896737969327261,no
1355,1042-HFUCW,0.8459820575837297,0.15401794241627,no
1356,7786-WBJYI,0.29561002666479014,0.7043899733352097,yes
1357,3023-GFLBR,0.6138544171867664,0.38614558281323375,no
1358,7711-GQBZC,0.9935101368657001,0.006489863134300089,no
1359,2091-MJTFX,0.8144982311595699,0.18550176884043026,no
1360,4847-QNOKA,0.46478580110103074,0.5352141988989693,yes
1361,8220-OCUFY,0.9022457095891875,0.09775429041081234,no
1362,2379-ENZGV,0.40355175985190767,0.5964482401480923,yes
1363,5759-RCVCB,0.4591066887317103,0.5408933112682897,yes
1364,0221-WMXNQ,0.6061738942266315,0.3938261057733684,no
1365,9600-UDOPK,0.544513928324145,0.4554860716758551,no
1366,5148-ORICT,0.9633098439778388,0.036690156022160844,no
1367,6235-VDHOM,0.4897113557151478,0.5102886442848521,yes
1368,2674-MIAHT,0.29306118522907915,0.7069388147709208,yes
1369,3129-AAQOU,0.993978409987444,0.0060215900125561595,no
1370,0013-MHZWF,0.6314858658927811,0.3685141341072187,no
1371,5887-IKKYO,0.8623025817176878,0.13769741828231205,no
1372,9732-EQMWY,0.6334161123599111,0.36658388764008903,no
1373,8337-MSSXB,0.47821873445670027,0.5217812655432997,yes
1374,0602-DDUML,0.9293788869277729,0.07062111307222703,no
1375,8868-WOZGU,0.5112202275074585,0.48877977249254145,no
1376,3197-NNYNB,0.8766455159311535,0.12335448406884617,no
1377,4508-OEBEY,0.8932217382946327,0.10677826170536715,no
1378,8397-MVTAZ,0.5246109911295196,0.47538900887048036,no
1379,8966-SNIZF,0.9960256815320204,0.003974318467979532,no
1380,6508-NJYRO,0.9664882990106649,0.03351170098933511,no
1381,5062-CJJKH,0.8240853453528715,0.17591465464712858,no
1382,7663-RGWBC,0.47157217983274796,0.528427820167252,yes
1383,3195-TQDZX,0.759691532045537,0.24030846795446326,no
1384,5649-ANRML,0.2935272234693969,0.706472776530603,yes
1385,8033-ATFAS,0.7885347085928522,0.21146529140714762,no
1386,9770-KXGQU,0.8469041877568827,0.15309581224311736,no
1387,0623-IIHUG,0.6642106164227262,0.3357893835772735,no
1388,4598-ZADCK,0.9549694935418824,0.04503050645811748,no
1389,3108-PCCGG,0.993496827073739,0.006503172926261125,no
1390,6769-DYBQN,0.7800551056823051,0.21994489431769484,no
1391,1337-BOZWO,0.8509653293858191,0.14903467061418085,no
1392,7925-PNRGI,0.7965454579816295,0.20345454201837068,no
1393,1768-HNVGJ,0.7414374874092468,0.25856251259075286,no
1394,2823-LKABH,0.5098260593365184,0.4901739406634818,no
1395,7233-IOQNP,0.8361997442449475,0.16380025575505272,no
1396,2731-GJRDG,0.7803422560396216,0.21965774396037818,no
1397,4441-NIHPT,0.4459827920900178,0.5540172079099821,yes
1398,3882-IYOIJ,0.9031520665008343,0.09684793349916525,no
1399,8563-IIOXK,0.9410939663554554,0.05890603364454461,no
1400,1217-VASWC,0.802739594953957,0.1972604050460426,no
1401,6447-EGDIV,0.9809828410516879,0.019017158948312293,no
1402,9361-YNQWJ,0.9444470107587521,0.055552989241247665,no
1403,4393-RYCRE,0.6147084934453787,0.3852915065546213,no
1404,1597-FZREH,0.3484638298970102,0.65153617010299,yes
1405,9117-SHLZX,0.4379967785082692,0.5620032214917308,yes
1406,8441-SHIPE,0.9917403318039316,0.008259668196068399,no
1407,3511-BFTJW,0.9896421130292317,0.010357886970768313,no
1408,1428-GTBJJ,0.4867390713967376,0.5132609286032623,yes
